date,actual,predicted,probability_up,year
2022-03-07,1,0,0.4653573542947537,2022
2022-03-08,1,1,0.558191568894515,2022
2022-03-09,1,1,0.6548549980316584,2022
2022-03-10,1,1,0.5347100882198107,2022
2022-03-11,1,0,0.19536291033324504,2022
2022-03-14,0,0,0.48747207981552615,2022
2022-03-15,1,1,0.5796062231137099,2022
2022-03-16,1,1,0.6231191425749987,2022
2022-03-17,0,1,0.5650576626550493,2022
2022-03-21,1,0,0.4661828172786193,2022
2022-03-22,0,1,0.6065851611044404,2022
2022-03-23,0,1,0.7321702831035892,2022
2022-03-24,0,0,0.2910568839464974,2022
2022-03-25,1,1,0.5881703818828438,2022
2022-03-28,1,1,0.7026364846284251,2022
2022-03-29,1,1,0.7403171476712549,2022
2022-03-30,0,1,0.6961208414702409,2022
2022-03-31,1,1,0.7220770107557831,2022
2022-04-01,1,1,0.6248456909404022,2022
2022-04-04,0,1,0.8073123233553543,2022
2022-04-05,0,0,0.4836537181766516,2022
2022-04-06,0,0,0.36534403134357835,2022
2022-04-07,1,0,0.4563178638984224,2022
2022-04-08,0,1,0.5658892711394914,2022
2022-04-11,0,0,0.37647922015549756,2022
2022-04-12,0,0,0.36353994608819035,2022
2022-04-13,0,1,0.6200460760079295,2022
2022-04-18,0,0,0.12856527435968618,2022
2022-04-19,1,1,0.6484125637558362,2022
2022-04-20,1,1,0.5617228322131818,2022
2022-04-21,0,0,0.2631815449645961,2022
2022-04-22,0,0,0.14134737182254217,2022
2022-04-25,1,0,0.4368143676184183,2022
2022-04-26,0,1,0.7451851580980985,2022
2022-04-27,1,0,0.40035324102120284,2022
2022-04-28,0,0,0.3759084797558985,2022
2022-04-29,0,0,0.48013281064001434,2022
2022-05-02,0,0,0.197451743964831,2022
2022-05-04,1,1,0.6724401853423934,2022
2022-05-05,0,1,0.7653605024777621,2022
2022-05-06,0,0,0.49988784705612066,2022
2022-05-09,0,1,0.5842139141488943,2022
2022-05-10,0,1,0.7280431769103187,2022
2022-05-11,0,1,0.5966339179534896,2022
2022-05-12,0,1,0.6663140228067214,2022
2022-05-13,1,1,0.7627410521311289,2022
2022-05-16,1,1,0.7678376714427467,2022
2022-05-17,0,1,0.6439382796975021,2022
2022-05-18,0,0,0.3997492217889246,2022
2022-05-19,1,0,0.3362664238463246,2022
2022-05-20,0,1,0.8072808900225298,2022
2022-05-23,0,1,0.6268221664037625,2022
2022-05-24,0,0,0.4984113919546604,2022
2022-05-25,1,1,0.7419477152381024,2022
2022-05-26,1,1,0.6983897823055636,2022
2022-05-27,1,1,0.6661747473522779,2022
2022-05-30,0,1,0.5156953880714207,2022
2022-05-31,0,0,0.2779603277953314,2022
2022-06-01,1,1,0.7866269031926963,2022
2022-06-02,0,1,0.7828846919654513,2022
2022-06-03,0,1,0.8699467319735602,2022
2022-06-06,0,1,0.6885112481318311,2022
2022-06-07,0,1,0.7075161516759464,2022
2022-06-08,1,1,0.7386998120914895,2022
2022-06-09,0,1,0.6938148424804792,2022
2022-06-10,0,0,0.4632739578618752,2022
2022-06-13,0,1,0.6081735782722812,2022
2022-06-14,0,1,0.7356401214253305,2022
2022-06-15,0,1,0.6385844658747044,2022
2022-06-16,0,1,0.8371339180999131,2022
2022-06-17,1,1,0.683803902379202,2022
2022-06-20,1,1,0.7634192995781435,2022
2022-06-21,0,1,0.517858522821336,2022
2022-06-22,1,0,0.42967910791503827,2022
2022-06-23,1,1,0.5032506264937777,2022
2022-06-24,1,1,0.618452956217664,2022
2022-06-27,1,1,0.5357313364582112,2022
2022-06-28,0,0,0.30940495377769384,2022
2022-06-29,0,0,0.3627029352840832,2022
2022-06-30,0,1,0.564881300438132,2022
2022-07-01,1,0,0.18473654505296336,2022
2022-07-04,0,0,0.3320603814784864,2022
2022-07-05,1,0,0.42116693122609605,2022
2022-07-06,1,0,0.2619989841625632,2022
2022-07-07,1,0,0.39226136217143537,2022
2022-07-08,0,1,0.5059436470908789,2022
2022-07-11,0,0,0.344222201185388,2022
2022-07-12,0,0,0.4509216436728402,2022
2022-07-13,0,1,0.5256321652176332,2022
2022-07-14,1,1,0.533242852645857,2022
2022-07-15,1,0,0.4553363024840816,2022
2022-07-18,1,0,0.3586989198569971,2022
2022-07-19,1,0,0.2447244246354306,2022
2022-07-20,1,1,0.6360014294086139,2022
2022-07-21,1,0,0.4577616070082352,2022
2022-07-22,0,1,0.5950944911554492,2022
2022-07-25,0,0,0.4293875749942913,2022
2022-07-26,1,1,0.5729564022911817,2022
2022-07-27,1,1,0.5436481496621378,2022
2022-07-28,1,1,0.5533947668563983,2022
2022-07-29,1,0,0.4399479688617237,2022
2022-08-01,1,0,0.38911920470412065,2022
2022-08-02,1,0,0.4419812909563371,2022
2022-08-03,0,1,0.6419534852461016,2022
2022-08-04,1,1,0.6188914956776946,2022
2022-08-05,1,1,0.6176922406893737,2022
2022-08-08,1,1,0.6268655929937823,2022
2022-08-10,1,1,0.7066856330069068,2022
2022-08-11,1,1,0.8354506936763703,2022
2022-08-12,1,1,0.7556219542472824,2022
2022-08-16,1,1,0.7418965603404056,2022
2022-08-17,1,1,0.7252647576804623,2022
2022-08-18,0,1,0.6670762567806917,2022
2022-08-19,0,1,0.6927530618640629,2022
2022-08-22,1,1,0.6106485538794011,2022
2022-08-23,1,0,0.48172804758531473,2022
2022-08-24,0,1,0.589287549079824,2022
2022-08-25,1,1,0.5859254141816782,2022
2022-08-26,0,1,0.6127435310579183,2022
2022-08-29,1,0,0.19917415477924488,2022
2022-08-30,0,0,0.4653746389462516,2022
2022-09-01,0,0,0.17836233043943195,2022
2022-09-02,1,0,0.3636631090511085,2022
2022-09-05,0,0,0.48976062525285624,2022
2022-09-06,0,0,0.46441349614615834,2022
2022-09-07,1,0,0.24269928053623904,2022
2022-09-08,1,0,0.4987075552537885,2022
2022-09-09,1,1,0.514640317192188,2022
2022-09-12,1,0,0.4032820493427464,2022
2022-09-13,0,1,0.5031501356476159,2022
2022-09-14,0,0,0.2026574315668804,2022
2022-09-15,0,0,0.4426226138129529,2022
2022-09-16,1,0,0.4911475148239301,2022
2022-09-19,1,1,0.50192698931308,2022
2022-09-20,0,1,0.5064826132713641,2022
2022-09-21,0,0,0.3105567585449384,2022
2022-09-22,0,0,0.2756302141755514,2022
2022-09-23,0,1,0.5391238501912763,2022
2022-09-26,0,0,0.49773002179997244,2022
2022-09-27,0,1,0.6312866591745624,2022
2022-09-28,0,0,0.36962688481704026,2022
2022-09-29,1,1,0.5402600144888645,2022
2022-09-30,0,0,0.48246780848382254,2022
2022-10-03,1,0,0.45963447501002697,2022
2022-10-04,1,0,0.4750588535642529,2022
2022-10-06,0,0,0.4751563431585148,2022
2022-10-07,0,0,0.2717221408378689,2022
2022-10-10,0,0,0.26110421108319054,2022
2022-10-11,1,1,0.5364721268564119,2022
2022-10-12,0,0,0.4351910650682211,2022
2022-10-13,1,0,0.4359095514964947,2022
2022-10-14,1,1,0.7052381593272359,2022
2022-10-17,1,0,0.44244323709822064,2022
2022-10-18,1,0,0.4976643283573658,2022
2022-10-19,1,1,0.5482264643923789,2022
2022-10-20,1,0,0.33529113651037523,2022
2022-10-21,1,1,0.5791615115344829,2022
2022-10-24,0,1,0.6882834102611036,2022
2022-10-25,1,1,0.6289800839660811,2022
2022-10-27,1,1,0.5786173013486144,2022
2022-10-28,1,1,0.6266344567516866,2022
2022-10-31,1,1,0.6583579723044691,2022
2022-11-01,0,1,0.5827078047605796,2022
2022-11-02,0,1,0.5484493779344988,2022
2022-11-03,1,0,0.49747667293191666,2022
2022-11-04,1,1,0.6292392304168086,2022
2022-11-07,0,1,0.642943302378672,2022
2022-11-09,0,1,0.6852268883142384,2022
2022-11-10,1,1,0.6012334484539003,2022
2022-11-11,0,1,0.8597939629908047,2022
2022-11-14,1,1,0.6991280579492787,2022
2022-11-15,1,1,0.628428625679073,2022
2022-11-16,0,1,0.7053719265507656,2022
2022-11-17,0,1,0.6319203777851683,2022
2022-11-18,0,1,0.6675594139896023,2022
2022-11-21,1,1,0.5943848769194318,2022
2022-11-22,1,1,0.6372423614228857,2022
2022-11-23,1,1,0.6347582854778919,2022
2022-11-24,1,1,0.59036076808747,2022
2022-11-25,1,1,0.5551264451757355,2022
2022-11-28,1,0,0.4946435312399363,2022
2022-11-29,1,1,0.5531435965404501,2022
2022-11-30,1,0,0.4718614910696021,2022
2022-12-01,0,1,0.5883070590951677,2022
2022-12-02,1,0,0.4795035131948633,2022
2022-12-05,0,1,0.589291864705391,2022
2022-12-06,0,0,0.48471071933195337,2022
2022-12-07,1,1,0.6008939819668874,2022
2022-12-08,0,1,0.6173616741293124,2022
2022-12-09,1,1,0.614726168274145,2022
2022-12-12,1,0,0.4689590621085645,2022
2022-12-13,1,1,0.6007175272867953,2022
2022-12-14,0,1,0.5526639788545552,2022
2022-12-15,0,0,0.42452903103994166,2022
2022-12-16,1,0,0.48859791114861545,2022
2022-12-19,0,1,0.5438429747914627,2022
2022-12-20,0,0,0.45510187535766417,2022
2022-12-21,0,0,0.4771337721778482,2022
2022-12-22,0,1,0.5677361899792017,2022
2022-12-23,1,0,0.4356903134357065,2022
2022-12-26,1,1,0.5185114665272659,2022
2022-12-27,0,0,0.4892411358386339,2022
2022-12-28,1,0,0.3286197196630399,2022
2022-12-29,0,0,0.36635297221001195,2022
2022-12-30,1,1,0.541315933534821,2022
2023-01-02,1,1,0.5080046291034619,2023
2023-01-03,0,0,0.4778236781996446,2023
2023-01-04,0,0,0.44493965097075866,2023
2023-01-05,0,0,0.41333917766176614,2023
2023-01-06,1,1,0.5431356819038418,2023
2023-01-09,0,0,0.4856475053830478,2023
2023-01-10,0,0,0.3744314755019699,2023
2023-01-11,0,0,0.38941166121903736,2023
2023-01-12,1,1,0.5076450309876249,2023
2023-01-13,0,0,0.4729836417292422,2023
2023-01-16,1,0,0.46715481119936303,2023
2023-01-17,1,0,0.4228203851076697,2023
2023-01-18,0,0,0.4869408296564589,2023
2023-01-19,0,0,0.4080337837828722,2023
2023-01-20,1,1,0.5739264398340049,2023
2023-01-23,0,1,0.6574853028734774,2023
2023-01-24,0,1,0.5948785103628306,2023
2023-01-25,0,0,0.42045869253898455,2023
2023-01-27,1,0,0.3364100344321069,2023
2023-01-30,1,0,0.44683685068844764,2023
2023-01-31,0,0,0.4634703377480063,2023
2023-02-01,0,0,0.37523540702580305,2023
2023-02-02,1,0,0.3882419410621195,2023
2023-02-03,0,1,0.6764124046128046,2023
2023-02-06,0,1,0.5215622034730812,2023
2023-02-07,1,1,0.5221571932362966,2023
2023-02-08,1,1,0.6716962979817982,2023
2023-02-09,0,1,0.6402823687379058,2023
2023-02-10,0,1,0.5416467587987617,2023
2023-02-13,1,1,0.5755151659028457,2023
2023-02-14,1,1,0.7293301207339138,2023
2023-02-15,1,1,0.5877960259272813,2023
2023-02-16,0,1,0.5972918907032565,2023
2023-02-17,0,1,0.5196781721427682,2023
2023-02-20,0,1,0.6244647978945007,2023
2023-02-21,0,1,0.6047457268754357,2023
2023-02-22,0,0,0.4505137674160556,2023
2023-02-23,0,1,0.5202497778907192,2023
2023-02-24,0,1,0.656779687892621,2023
2023-02-27,0,1,0.5150554671084562,2023
2023-02-28,1,1,0.5086298864893846,2023
2023-03-01,0,1,0.5349258997078862,2023
2023-03-02,1,0,0.42525909624260744,2023
2023-03-03,1,1,0.5704340876493953,2023
2023-03-06,1,1,0.5790258541165977,2023
2023-03-08,0,0,0.4708153163173641,2023
2023-03-09,0,1,0.5718041009317267,2023
2023-03-10,0,0,0.4492266907890029,2023
2023-03-13,0,1,0.6260250533950883,2023
2023-03-14,0,1,0.5935790912371345,2023
2023-03-15,1,1,0.5863732364978547,2023
2023-03-16,1,0,0.44567502487232225,2023
2023-03-17,0,0,0.47841357933611595,2023
2023-03-20,1,0,0.36466904174831893,2023
2023-03-21,1,1,0.5249691667659463,2023
2023-03-22,0,0,0.48444726406320116,2023
2023-03-23,0,0,0.4133885745486924,2023
2023-03-24,1,1,0.5174340237504657,2023
2023-03-27,0,1,0.6010274097872872,2023
2023-03-28,1,1,0.5814128029261544,2023
2023-03-29,1,0,0.4784557764479115,2023
2023-03-31,1,1,0.6257759642941636,2023
2023-04-03,1,0,0.4439189919142283,2023
2023-04-05,1,1,0.5146310983552771,2023
2023-04-06,1,1,0.5064752782097685,2023
2023-04-10,1,1,0.5022752382646034,2023
2023-04-11,1,1,0.5519546742224016,2023
2023-04-12,1,1,0.6615443027343781,2023
2023-04-13,0,1,0.6470861328829327,2023
2023-04-17,0,1,0.5643294699317576,2023
2023-04-18,0,1,0.647242920719699,2023
2023-04-19,1,1,0.6005892794903228,2023
2023-04-20,0,1,0.5647688317951752,2023
2023-04-21,1,1,0.5572221297201407,2023
2023-04-24,1,1,0.6588605991752547,2023
2023-04-25,1,1,0.600765881829824,2023
2023-04-26,1,1,0.6101294711731078,2023
2023-04-27,1,1,0.6476209661308738,2023
2023-04-28,1,1,0.6356279246096718,2023
2023-05-02,0,1,0.6365605321288355,2023
2023-05-03,1,1,0.576562596470939,2023
2023-05-04,0,1,0.6392026156724863,2023
2023-05-05,1,0,0.3835949735959306,2023
2023-05-08,1,1,0.5013305142283192,2023
2023-05-09,1,1,0.5269836145418252,2023
2023-05-10,0,1,0.5213042953818537,2023
2023-05-11,1,0,0.4941765282170043,2023
2023-05-12,1,1,0.5719057714741059,2023
2023-05-15,0,1,0.6013612397240672,2023
2023-05-16,0,1,0.5953021669265959,2023
2023-05-17,0,1,0.574327051496191,2023
2023-05-18,1,1,0.6936228523184899,2023
2023-05-19,1,1,0.6581761594057428,2023
2023-05-22,1,1,0.574659791140307,2023
2023-05-23,0,1,0.5840006184682198,2023
2023-05-24,1,0,0.4680262685517158,2023
2023-05-25,1,1,0.5908022413214317,2023
2023-05-26,1,1,0.5947196216585917,2023
2023-05-29,1,1,0.5830143194574038,2023
2023-05-30,0,1,0.5644770408608688,2023
2023-05-31,0,1,0.5893205500161302,2023
2023-06-01,1,1,0.5290693538223421,2023
2023-06-02,1,1,0.6281050373040934,2023
2023-06-05,1,1,0.6158252810639652,2023
2023-06-06,1,0,0.484774847203538,2023
2023-06-07,0,1,0.5556045057271699,2023
2023-06-08,0,1,0.5450170330012325,2023
2023-06-09,1,1,0.5094709995596459,2023
2023-06-12,1,1,0.5394557869084856,2023
2023-06-13,1,1,0.5618135166260201,2023
2023-06-14,0,1,0.5830170731574986,2023
2023-06-15,1,0,0.48773819897288667,2023
2023-06-16,0,1,0.5477646070694199,2023
2023-06-19,1,1,0.5755346078627178,2023
2023-06-20,1,0,0.48881077460714906,2023
2023-06-21,0,1,0.626963081359355,2023
2023-06-22,0,1,0.6122832647311244,2023
2023-06-23,1,1,0.5492884280769393,2023
2023-06-26,1,1,0.5625879131836898,2023
2023-06-27,1,1,0.5822593920200003,2023
2023-06-28,1,1,0.5678174397283592,2023
2023-06-30,1,1,0.6127018022541578,2023
2023-07-03,1,1,0.6452163889946269,2023
2023-07-04,1,1,0.6844079741548826,2023
2023-07-05,1,1,0.6277135849419169,2023
2023-07-06,0,1,0.6605106041218334,2023
2023-07-07,1,1,0.5763255014509447,2023
2023-07-10,1,1,0.7017592941309224,2023
2023-07-11,0,1,0.6602657633975896,2023
2023-07-12,1,1,0.6352260037346051,2023
2023-07-13,1,1,0.7108774355155517,2023
2023-07-14,1,1,0.716589125064672,2023
2023-07-17,1,1,0.7053234145632464,2023
2023-07-18,1,1,0.7686644566529746,2023
2023-07-19,1,1,0.7845816169254125,2023
2023-07-20,0,1,0.7504359124033668,2023
2023-07-21,0,0,0.45310628561914484,2023
2023-07-24,1,1,0.523774901617074,2023
2023-07-25,1,1,0.6195532569761163,2023
2023-07-26,0,1,0.5705052309235569,2023
2023-07-27,0,1,0.535773472659211,2023
2023-07-28,1,0,0.4837059356399025,2023
2023-07-31,0,1,0.5507089977438783,2023
2023-08-01,0,1,0.5298632428974221,2023
2023-08-02,0,0,0.4374730899623649,2023
2023-08-03,1,0,0.47168581448185726,2023
2023-08-04,1,1,0.6362876714781721,2023
2023-08-07,0,1,0.5281284537883799,2023
2023-08-08,1,0,0.4723438101372912,2023
2023-08-09,0,1,0.5135246218852868,2023
2023-08-10,0,0,0.4715987083397267,2023
2023-08-11,1,0,0.47497078690021743,2023
2023-08-14,1,0,0.4739807247823655,2023
2023-08-16,0,0,0.4663838003123987,2023
2023-08-17,0,0,0.3855484233997979,2023
2023-08-18,1,0,0.3974976378140456,2023
2023-08-21,1,0,0.42635844892330954,2023
2023-08-22,1,0,0.43265983124350477,2023
2023-08-23,0,0,0.44563461787179315,2023
2023-08-24,0,1,0.5019120493065611,2023
2023-08-25,1,0,0.4147844894114701,2023
2023-08-28,1,1,0.5287056791135822,2023
2023-08-29,1,0,0.48275818029472056,2023
2023-08-30,0,0,0.45805612148537206,2023
2023-08-31,1,1,0.5413831971657406,2023
2023-09-01,1,1,0.5041625136640749,2023
2023-09-04,1,1,0.5926809046814622,2023
2023-09-05,1,1,0.5366548640698798,2023
2023-09-06,1,1,0.5745725779149066,2023
2023-09-07,1,1,0.6293671867464619,2023
2023-09-08,1,1,0.6789024493988152,2023
2023-09-11,0,1,0.658294231139681,2023
2023-09-12,1,1,0.7245601838640632,2023
2023-09-13,1,1,0.6566948330330669,2023
2023-09-14,1,1,0.7302341013359297,2023
2023-09-15,0,1,0.7384750616263245,2023
2023-09-18,0,1,0.5607664987302649,2023
2023-09-20,0,0,0.4409730400166281,2023
2023-09-21,0,0,0.49661402948421596,2023
2023-09-22,1,0,0.48400069375359567,2023
2023-09-25,0,0,0.46104662191052415,2023
2023-09-26,1,0,0.41000987410918305,2023
2023-09-27,0,0,0.4366500215548103,2023
2023-09-28,1,1,0.5617578917907355,2023
2023-09-29,0,1,0.5057182637480684,2023
2023-10-03,0,1,0.5105677887521768,2023
2023-10-04,1,0,0.4724313214438984,2023
2023-10-05,1,1,0.6275461761610143,2023
2023-10-06,0,1,0.5801613473664691,2023
2023-10-09,1,0,0.3745992640842495,2023
2023-10-10,1,1,0.5364318408961596,2023
2023-10-11,0,1,0.5498598550140756,2023
2023-10-12,0,0,0.4145361477417906,2023
2023-10-13,0,0,0.36369910401435207,2023
2023-10-16,1,0,0.4805943017647818,2023
2023-10-17,0,1,0.5635906927950878,2023
2023-10-18,0,0,0.4554968323788931,2023
2023-10-19,0,0,0.4047327018274801,2023
2023-10-20,0,0,0.49292574547515977,2023
2023-10-23,0,0,0.49807106211618424,2023
2023-10-25,0,0,0.49681931624999776,2023
2023-10-26,1,1,0.5164144294908742,2023
2023-10-27,1,1,0.5766881539907742,2023
2023-10-30,0,1,0.5207095245270082,2023
2023-10-31,0,0,0.4397641795261766,2023
2023-11-01,1,0,0.4575359823288916,2023
2023-11-02,1,1,0.596145565680767,2023
2023-11-03,1,1,0.5142277991111814,2023
2023-11-06,0,0,0.45177453675264445,2023
2023-11-07,1,0,0.42182606688406826,2023
2023-11-08,0,1,0.5041990680752397,2023
2023-11-09,1,0,0.48102617948457055,2023
2023-11-10,1,0,0.47802694429130826,2023
2023-11-13,1,1,0.5111676786959761,2023
2023-11-15,1,1,0.6286324861626832,2023
2023-11-16,0,1,0.5215662909587256,2023
2023-11-17,0,0,0.3937561956659711,2023
2023-11-20,1,0,0.492876845015288,2023
2023-11-21,1,1,0.6195404334451138,2023
2023-11-22,0,1,0.5462771038524354,2023
2023-11-23,0,1,0.5595352596173263,2023
2023-11-24,1,1,0.6957697449312396,2023
2023-11-28,1,1,0.6938379650898192,2023
2023-11-29,1,1,0.704384756031698,2023
2023-11-30,1,1,0.6214024791648679,2023
2023-12-01,1,1,0.7079958307760635,2023
2023-12-04,1,1,0.8555521073483523,2023
2023-12-05,1,1,0.745207803397265,2023
2023-12-06,0,1,0.7016510877464377,2023
2023-12-07,1,1,0.7024536339104398,2023
2023-12-08,1,1,0.8147688447381091,2023
2023-12-11,0,1,0.6994295191047066,2023
2023-12-12,1,1,0.6236061086413092,2023
2023-12-13,1,1,0.6277000737307633,2023
2023-12-14,1,1,0.7873827323460046,2023
2023-12-15,0,1,0.6752286784565763,2023
2023-12-18,1,1,0.5581245594365869,2023
2023-12-19,0,1,0.6998212728517171,2023
2023-12-20,1,1,0.7570999260284703,2023
2023-12-21,1,1,0.5948475725912054,2023
2023-12-22,1,1,0.5511538685762646,2023
2023-12-26,1,0,0.4473459908173158,2023
2023-12-27,1,1,0.5158235050923262,2023
2023-12-28,0,1,0.5134121775725616,2023
2023-12-29,1,0,0.4273633127513109,2023
2024-01-01,0,1,0.5140617797166357,2024
2024-01-02,0,1,0.5363112301692092,2024
2024-01-03,1,0,0.4336816282955593,2024
2024-01-04,1,1,0.5831595027321331,2024
2024-01-05,0,1,0.5196009147993117,2024
2024-01-08,1,0,0.45322429248602003,2024
2024-01-09,1,1,0.5636530122349094,2024
2024-01-10,1,1,0.5390744354521481,2024
2024-01-11,1,1,0.5249884485142597,2024
2024-01-12,1,1,0.5991986355541206,2024
2024-01-15,0,1,0.6383524196622107,2024
2024-01-16,0,0,0.49888405175975786,2024
2024-01-17,0,0,0.22099364373077968,2024
2024-01-18,1,0,0.49438220459317805,2024
2024-01-19,0,1,0.5195967252761816,2024
2024-01-23,1,0,0.40240342512926686,2024
2024-01-24,0,0,0.22109155622828905,2024
2024-01-25,1,0,0.4032876296178541,2024
2024-01-29,0,0,0.39615726784418986,2024
2024-01-30,1,0,0.28847143698658595,2024
2024-01-31,0,0,0.2513168045754649,2024
2024-02-01,1,0,0.40789651503625896,2024
2024-02-02,0,0,0.42782339094545035,2024
2024-02-05,1,0,0.33653501102235495,2024
2024-02-06,1,0,0.2816739887009748,2024
2024-02-07,0,0,0.36831817187017557,2024
2024-02-08,1,0,0.39597498184064206,2024
2024-02-09,0,0,0.4188754105648186,2024
2024-02-12,1,0,0.37908262920662616,2024
2024-02-13,1,0,0.3466267521857807,2024
2024-02-14,1,0,0.25413020098010264,2024
2024-02-15,1,0,0.37014370577543254,2024
2024-02-16,1,0,0.4181739271192617,2024
2024-02-19,1,0,0.45493175747670656,2024
2024-02-20,0,0,0.48959385422324747,2024
2024-02-21,1,1,0.5319645255835628,2024
2024-02-22,0,1,0.5349925088318573,2024
2024-02-23,0,1,0.5601779922596906,2024
2024-02-26,1,0,0.4779631475274203,2024
2024-02-27,0,1,0.5400946306933468,2024
2024-02-28,1,1,0.5643992865017476,2024
2024-02-29,1,1,0.5035200706120849,2024
2024-03-01,1,1,0.5382160038017827,2024
2024-03-04,0,0,0.48987414761838066,2024
2024-03-05,1,0,0.44175122588727933,2024
2024-03-06,1,1,0.5598694381328239,2024
2024-03-07,0,1,0.6140100566931185,2024
2024-03-11,1,0,0.4818635385664554,2024
2024-03-12,0,1,0.6255628603208245,2024
2024-03-13,1,1,0.6835472510926857,2024
2024-03-14,0,0,0.4576089094658938,2024
2024-03-15,1,0,0.42750036858277146,2024
2024-03-18,0,0,0.4795752611445285,2024
2024-03-19,1,0,0.4709344831908925,2024
2024-03-20,1,1,0.5318876776641994,2024
2024-03-21,1,1,0.5312489618890535,2024
2024-03-22,0,0,0.312795363612513,2024
2024-03-26,1,0,0.3200628914252673,2024
2024-03-27,1,1,0.5666104339882371,2024
2024-03-28,1,0,0.442699128289171,2024
2024-04-01,0,0,0.48747068630879054,2024
2024-04-02,0,0,0.4421471542322956,2024
2024-04-03,1,1,0.5232178683619761,2024
2024-04-04,0,1,0.6391125406232386,2024
2024-04-05,1,1,0.5750048008108635,2024
2024-04-08,0,1,0.5941970265125898,2024
2024-04-09,1,1,0.6392920928753675,2024
2024-04-10,0,1,0.6223481701176738,2024
2024-04-12,0,1,0.5526127285808952,2024
2024-04-15,0,0,0.49025851805873066,2024
2024-04-16,0,1,0.5016789892399568,2024
2024-04-18,1,1,0.6607409762987163,2024
2024-04-19,1,0,0.48267704172101844,2024
2024-04-22,1,1,0.5676548966744456,2024
2024-04-23,1,1,0.5222227088001209,2024
2024-04-24,1,1,0.5254651953943845,2024
2024-04-25,0,0,0.4796957214459747,2024
2024-04-26,1,1,0.5056399478155506,2024
2024-04-29,0,1,0.5962612078308133,2024
2024-04-30,1,1,0.5554267222636247,2024
2024-05-02,0,0,0.4952310154423032,2024
2024-05-03,0,1,0.612519603600234,2024
2024-05-06,0,1,0.5746871493592782,2024
2024-05-07,0,1,0.5786174344725067,2024
2024-05-08,0,0,0.45593358096203174,2024
2024-05-09,1,1,0.5051247049045796,2024
2024-05-10,1,0,0.4977749925016593,2024
2024-05-13,1,0,0.45742507139386795,2024
2024-05-14,0,0,0.43186867911665416,2024
2024-05-15,1,0,0.461642249713829,2024
2024-05-16,1,1,0.5647445340712474,2024
2024-05-17,1,1,0.5473695005751781,2024
2024-05-21,1,0,0.4944985802174904,2024
2024-05-22,1,1,0.5693977554062213,2024
2024-05-23,0,1,0.5377659681638215,2024
2024-05-24,0,1,0.5076136322308967,2024
2024-05-27,0,1,0.5609135308743454,2024
2024-05-28,0,1,0.6241464169300349,2024
2024-05-29,0,0,0.49536213142652286,2024
2024-05-30,1,1,0.6220594340789791,2024
2024-05-31,1,1,0.689591732449549,2024
2024-06-03,0,1,0.9113682262280146,2024
2024-06-04,1,0,0.36078873229596164,2024
2024-06-05,1,1,0.5190443902156303,2024
2024-06-06,1,1,0.6070236014884418,2024
2024-06-07,0,0,0.1794964303806921,2024
2024-06-10,1,0,0.12951400009264408,2024
2024-06-11,1,0,0.41922821304059493,2024
2024-06-12,1,0,0.4574591789238636,2024
2024-06-13,1,0,0.47222199934099013,2024
2024-06-14,1,0,0.39442410819791296,2024
2024-06-18,0,0,0.4928466714932717,2024
2024-06-19,1,1,0.5452271208733181,2024
2024-06-20,0,1,0.5343739307059587,2024
2024-06-21,1,1,0.5849276303398309,2024
2024-06-24,1,0,0.4470955709124593,2024
2024-06-25,1,1,0.6641593556349895,2024
2024-06-26,1,1,0.6436598771948108,2024
2024-06-27,0,1,0.6773985239473755,2024
2024-06-28,1,1,0.6242586013717332,2024
2024-07-01,0,1,0.6537893634284587,2024
2024-07-02,1,1,0.6088855896535716,2024
2024-07-03,1,1,0.6316181079053959,2024
2024-07-04,1,1,0.6342614605859581,2024
2024-07-05,0,0,0.476105874835935,2024
2024-07-08,1,1,0.5829998964934587,2024
2024-07-09,0,1,0.5814610974028708,2024
2024-07-10,0,1,0.5139893067963865,2024
2024-07-11,1,1,0.5683310108495959,2024
2024-07-12,1,1,0.6470900852774952,2024
2024-07-15,1,1,0.5340523629979599,2024
2024-07-16,1,1,0.5276977490212632,2024
2024-07-18,0,1,0.5757296540069641,2024
2024-07-19,0,1,0.7137457121909871,2024
2024-07-22,0,1,0.5212331726389473,2024
2024-07-23,0,1,0.6778762232268439,2024
2024-07-24,0,1,0.5552509986452284,2024
2024-07-25,1,0,0.40015370548879653,2024
2024-07-26,1,0,0.341723312094268,2024
2024-07-29,1,0,0.49277495266054755,2024
2024-07-30,1,0,0.47943748137450376,2024
2024-07-31,1,1,0.5135786304058323,2024
2024-08-01,0,1,0.5816326056768856,2024
2024-08-02,0,0,0.40522595860755845,2024
2024-08-05,0,0,0.3858194904367564,2024
2024-08-06,1,1,0.625788213850307,2024
2024-08-07,0,1,0.5970011620585014,2024
2024-08-08,1,0,0.4016198105300265,2024
2024-08-09,0,1,0.5003931413030314,2024
2024-08-12,0,0,0.4541498092185169,2024
2024-08-13,1,0,0.43029910292328877,2024
2024-08-14,1,1,0.5429169792374382,2024
2024-08-16,1,1,0.549571461108801,2024
2024-08-19,1,0,0.4572284194027136,2024
2024-08-20,1,0,0.41115473774073347,2024
2024-08-21,1,0,0.4469428045234838,2024
2024-08-22,1,1,0.5485383246952309,2024
2024-08-23,1,1,0.5336653457780228,2024
2024-08-26,1,1,0.5613789072028416,2024
2024-08-27,1,1,0.5553250782022046,2024
2024-08-28,1,1,0.5696423175150928,2024
2024-08-29,1,1,0.5865763668932122,2024
2024-08-30,1,1,0.6562086231668022,2024
2024-09-02,1,1,0.6495986296466717,2024
2024-09-03,0,1,0.6714606818023381,2024
2024-09-04,0,1,0.5534865329535805,2024
2024-09-05,0,1,0.6558576145915966,2024
2024-09-06,1,1,0.5697927439853563,2024
2024-09-09,1,1,0.6002206845718575,2024
2024-09-10,0,1,0.5956399352755988,2024
2024-09-11,1,1,0.5105242050758012,2024
2024-09-12,0,1,0.5865227711887865,2024
2024-09-13,1,1,0.5726444393616005,2024
2024-09-16,1,1,0.5395774790355846,2024
2024-09-17,0,1,0.6272523150711008,2024
2024-09-18,1,1,0.6274328905017483,2024
2024-09-19,1,1,0.6477854517720613,2024
2024-09-20,1,1,0.6272332074950012,2024
2024-09-23,1,1,0.5558766357749839,2024
2024-09-24,1,1,0.5292327924935316,2024
2024-09-25,1,1,0.5984903049750939,2024
2024-09-26,0,1,0.5932418601258604,2024
2024-09-27,0,1,0.5541646296764795,2024
2024-09-30,0,0,0.4598129018545893,2024
2024-10-01,0,1,0.5593821676754726,2024
2024-10-03,0,0,0.4073931852431255,2024
2024-10-04,0,1,0.5548627790952916,2024
2024-10-07,1,1,0.6288821771854267,2024
2024-10-08,0,1,0.5556418498190215,2024
2024-10-09,1,0,0.48994370792275876,2024
2024-10-10,0,1,0.5524626888400942,2024
2024-10-11,1,0,0.4783043552580526,2024
2024-10-14,0,1,0.5789634796150068,2024
2024-10-15,0,1,0.5275527394261578,2024
2024-10-16,0,0,0.4634649181624478,2024
2024-10-17,1,1,0.5553732705756832,2024
2024-10-18,0,0,0.42973214945271887,2024
2024-10-21,0,1,0.5614090034884341,2024
2024-10-22,0,0,0.49975284497801614,2024
2024-10-23,0,0,0.449402932617354,2024
2024-10-24,0,0,0.4222155513822974,2024
2024-10-25,1,0,0.4792337348695946,2024
2024-10-28,1,0,0.43631697751064297,2024
2024-10-29,0,0,0.461616019324702,2024
2024-10-30,0,0,0.3721425954814763,2024
2024-10-31,1,1,0.5011079288293028,2024
2024-11-01,0,1,0.5189713427957435,2024
2024-11-04,1,1,0.5492612586698685,2024
2024-11-05,1,0,0.42342250514658963,2024
2024-11-06,0,1,0.5690384190326243,2024
2024-11-07,0,1,0.507265003084671,2024
2024-11-08,0,0,0.4905343969022156,2024
2024-11-11,0,1,0.5713617233080119,2024
2024-11-12,0,1,0.5947135009095701,2024
2024-11-13,0,1,0.520508324692158,2024
2024-11-14,0,1,0.5383304868462064,2024
2024-11-18,1,1,0.5222353121956683,2024
2024-11-19,0,1,0.5017170523663133,2024
2024-11-21,1,0,0.47828525752218043,2024
2024-11-22,1,1,0.5239816504826763,2024
2024-11-25,0,1,0.6982001230120072,2024
2024-11-26,1,1,0.5444354104509874,2024
2024-11-27,0,1,0.5830721548838959,2024
2024-11-28,1,1,0.6627415159305876,2024
2024-11-29,1,1,0.5679474326316414,2024
2024-12-02,1,1,0.5136468077167948,2024
2024-12-03,1,1,0.5191393582296001,2024
2024-12-04,1,1,0.5616282975558831,2024
2024-12-05,0,1,0.5755556552987654,2024
2024-12-06,0,1,0.5391169207330754,2024
2024-12-09,0,1,0.5279067088024024,2024
2024-12-10,1,1,0.6125636063214867,2024
2024-12-11,0,1,0.587185531513324,2024
2024-12-12,1,1,0.5590731898351884,2024
2024-12-13,0,1,0.5959630113398956,2024
2024-12-16,0,1,0.5935929194698147,2024
2024-12-17,0,1,0.597313747768059,2024
2024-12-18,0,1,0.637300360310466,2024
2024-12-19,0,0,0.4890768913742372,2024
2024-12-20,1,1,0.6600275379347987,2024
2024-12-23,0,1,0.6344896197021436,2024
2024-12-24,1,1,0.5273274498026905,2024
2024-12-26,1,0,0.48138309809862967,2024
2024-12-27,0,1,0.529197641606913,2024
2024-12-30,0,1,0.5363815057757658,2024
2024-12-31,1,0,0.3998873323578486,2024
2025-01-01,1,0,0.4337663946637958,2025
2025-01-02,0,0,0.4476751466424301,2025
2025-01-03,0,0,0.40497591044515635,2025
2025-01-06,1,1,0.5296581761449668,2025
2025-01-07,0,1,0.5986378985476446,2025
2025-01-08,0,1,0.5521034859832165,2025
2025-01-09,0,0,0.4343225278987515,2025
2025-01-10,0,1,0.5423420967865975,2025
2025-01-13,1,0,0.44870223088090766,2025
2025-01-14,1,1,0.5206699417161094,2025
2025-01-15,1,1,0.5659947530669576,2025
2025-01-16,0,1,0.5723834341195498,2025
2025-01-17,1,0,0.4409393552206747,2025
2025-01-20,0,1,0.551628787485047,2025
2025-01-21,1,1,0.5544966047130987,2025
2025-01-22,1,1,0.5490926935060749,2025
2025-01-23,0,0,0.45623464057871,2025
2025-01-24,0,1,0.5071923796166325,2025
2025-01-27,1,0,0.4445558806067609,2025
2025-01-28,1,1,0.6676594967128139,2025
2025-01-29,1,0,0.4804658077798219,2025
2025-01-30,1,0,0.44194362131445203,2025
2025-01-31,0,1,0.5035410990506775,2025
2025-02-01,0,1,0.626191681821847,2025
2025-02-03,1,0,0.4763028354816327,2025
2025-02-04,0,1,0.6668093784238924,2025
2025-02-05,0,1,0.5710940734781863,2025
2025-02-06,0,1,0.5936951136656553,2025
2025-02-07,0,1,0.5795302677499705,2025
2025-02-10,0,1,0.6189677562003895,2025
2025-02-11,0,1,0.6120073086658832,2025
2025-02-12,0,1,0.5083856501254617,2025
2025-02-13,0,1,0.5225990395728509,2025
2025-02-14,1,1,0.5518603822076785,2025
2025-02-17,0,0,0.4023131299542163,2025
2025-02-18,0,0,0.49097475834066723,2025
2025-02-19,0,0,0.41194545459210696,2025
2025-02-20,0,0,0.37950348676229767,2025
2025-02-21,0,0,0.43771960449796715,2025
2025-02-24,0,0,0.38134180435768544,2025
2025-02-25,0,0,0.4619753962993366,2025
2025-02-27,0,0,0.4719321667764512,2025
2025-02-28,0,1,0.5003672397934463,2025
2025-03-03,0,0,0.4449851419500665,2025
2025-03-04,1,0,0.39372471879564047,2025
2025-03-05,1,0,0.3889276851321633,2025
2025-03-06,1,0,0.47207213454915703,2025
2025-03-07,0,0,0.3966569302464359,2025
2025-03-10,1,0,0.47481184577038077,2025
2025-03-11,0,0,0.45457393862093054,2025
2025-03-12,0,1,0.5378370397005039,2025
2025-03-13,1,1,0.5496334485891502,2025
2025-03-17,1,0,0.46794845581024386,2025
2025-03-18,1,1,0.7108199778988628,2025
2025-03-19,1,0,0.39137820261977896,2025
2025-03-20,1,1,0.5436232460575107,2025
2025-03-21,1,1,0.5038657460013235,2025
2025-03-24,1,1,0.6171049330259961,2025
2025-03-25,0,1,0.5746303280699141,2025
2025-03-26,1,1,0.6114635647855174,2025
2025-03-27,0,1,0.6169250850612491,2025
2025-03-28,0,1,0.6225619280521113,2025
2025-04-01,1,0,0.4283332167088404,2025
2025-04-02,0,1,0.5953623644867687,2025
2025-04-03,0,0,0.4208505401720005,2025
2025-04-04,0,1,0.5133429151232296,2025
2025-04-07,1,0,0.10517525698351077,2025
2025-04-08,0,1,0.6794674460183467,2025
2025-04-09,1,0,0.48909437988720034,2025
2025-04-11,1,1,0.5341088482468056,2025
2025-04-15,1,1,0.6376114185703049,2025
2025-04-16,1,0,0.4885718141391461,2025
2025-04-17,1,0,0.47727394626783803,2025
2025-04-21,1,1,0.5195004366492979,2025
2025-04-22,1,1,0.5856519119977175,2025
2025-04-23,0,1,0.605936811172318,2025
2025-04-24,0,0,0.4818053311610136,2025
2025-04-25,1,1,0.5444340594186378,2025
2025-04-28,1,1,0.5128390937769758,2025
2025-04-29,0,1,0.5815622745737357,2025
2025-04-30,1,1,0.5979532937960592,2025
2025-05-02,1,1,0.6796032548829452,2025
2025-05-05,0,1,0.6887492051312162,2025
2025-05-06,1,1,0.6816462672108599,2025
2025-05-07,0,1,0.6316794783262446,2025
2025-05-08,0,1,0.6948504773703916,2025
2025-05-09,1,0,0.4890312720842586,2025
2025-05-12,0,1,0.6926835686715477,2025
2025-05-13,1,0,0.49500038876492025,2025
2025-05-14,1,0,0.4745220925501824,2025
2025-05-15,0,0,0.4797934373416991,2025
2025-05-16,0,1,0.5002562737762606,2025
2025-05-19,0,0,0.4245327048686775,2025
2025-05-20,1,1,0.5796542710928186,2025
2025-05-21,0,1,0.5268496073418613,2025
2025-05-22,1,0,0.4874100676383807,2025
2025-05-23,1,0,0.4785831281324287,2025
2025-05-26,0,1,0.531140704424256,2025
2025-05-27,0,1,0.5163810845954366,2025
2025-05-28,1,1,0.5765155808421968,2025
2025-05-29,0,1,0.5956618151521471,2025
2025-05-30,0,1,0.6433912773334838,2025
2025-06-02,0,1,0.5492791652998879,2025
2025-06-03,1,1,0.6494282607848898,2025
2025-06-04,1,1,0.6170051233607501,2025
2025-06-05,1,1,0.6640883422042795,2025
2025-06-06,1,1,0.5601308045796116,2025
2025-06-09,1,1,0.5658832551989376,2025
2025-06-10,1,1,0.5604091063415829,2025
2025-06-11,0,1,0.5639023347319294,2025
2025-06-12,0,1,0.5820362707861763,2025
2025-06-13,1,0,0.3528112031938422,2025
2025-06-16,0,1,0.5187854033732847,2025
2025-06-17,0,1,0.5723796373936562,2025
2025-06-18,0,0,0.4987144451925278,2025
2025-06-19,1,1,0.5200175408330171,2025
2025-06-20,0,1,0.5529567547497134,2025
2025-06-23,1,0,0.4559817326050921,2025
2025-06-24,1,1,0.601861537779155,2025
2025-06-25,1,1,0.5829126517417248,2025
2025-06-26,1,1,0.5512701731958792,2025
2025-06-27,0,1,0.5435322325766847,2025
2025-06-30,1,1,0.5596275423756301,2025
2025-07-01,0,1,0.6094633137608966,2025
2025-07-02,0,1,0.614605281163531,2025
2025-07-03,1,1,0.5683149633287808,2025
2025-07-04,1,1,0.5361268258904247,2025
2025-07-07,1,1,0.5690712426639226,2025
2025-07-08,0,1,0.5490243800624172,2025
2025-07-09,0,1,0.5631964931327544,2025
2025-07-10,0,1,0.5960791317885732,2025
2025-07-11,0,1,0.5248449330232269,2025
2025-07-14,1,1,0.5267499754274291,2025
2025-07-15,1,1,0.5193820338433173,2025
2025-07-16,0,1,0.5597730643534117,2025
2025-07-17,0,1,0.5356578047736678,2025
2025-07-18,1,1,0.5144022528495412,2025
2025-07-21,0,1,0.5698448834065868,2025
2025-07-22,1,1,0.6024697991044292,2025
2025-07-23,0,1,0.585444816642774,2025
2025-07-24,0,1,0.5465406090317643,2025
2025-07-25,0,1,0.567174284212641,2025
2025-07-28,1,1,0.5162194951889221,2025
2025-07-29,1,0,0.4893222425617869,2025
2025-07-30,0,1,0.5210147776772382,2025
2025-07-31,0,0,0.4170118303742858,2025
2025-08-01,1,1,0.51665532099587,2025
2025-08-04,0,1,0.5008989490700263,2025
2025-08-05,0,0,0.41759039156674455,2025
2025-08-06,1,0,0.4337637261416571,2025
2025-08-07,0,0,0.408322585791482,2025
2025-08-08,1,0,0.4614899636842654,2025
2025-08-11,0,0,0.4895933314998232,2025
2025-08-12,1,0,0.4652186758936796,2025
2025-08-13,1,0,0.49071451985218034,2025
2025-08-14,1,0,0.4766037229660984,2025
2025-08-18,1,1,0.5942824991524785,2025
2025-08-19,1,0,0.49486396204688365,2025
2025-08-20,1,1,0.5117969935024528,2025
2025-08-21,0,1,0.5916791670608245,2025
2025-08-22,1,1,0.5537483139603907,2025
2025-08-25,0,1,0.5977703051954095,2025
2025-08-26,0,1,0.5994195761936933,2025
2025-08-28,0,1,0.5247538658890236,2025
2025-08-29,1,0,0.4942711853805472,2025
2025-09-01,0,0,0.4741616240407731,2025
2025-09-02,1,0,0.4930506646703183,2025
2025-09-03,1,1,0.5041208311509554,2025
2025-09-04,1,1,0.6790321293694632,2025
2025-09-05,1,1,0.600478664691216,2025
2025-09-08,1,1,0.5998973055107034,2025
2025-09-09,1,1,0.6341080800013158,2025
2025-09-10,1,1,0.6190117084466346,2025
2025-09-11,1,1,0.5573729577644152,2025
2025-09-12,0,1,0.6270848569704386,2025
2025-09-15,1,1,0.5871251924879558,2025
2025-09-16,1,1,0.5744057110498061,2025
2025-09-17,1,1,0.6152173357994655,2025
2025-09-18,0,1,0.6544767319919985,2025
2025-09-19,0,1,0.5895783446824102,2025
2025-09-22,0,1,0.5652808444827678,2025
2025-09-23,0,1,0.5906686831925734,2025
2025-09-24,0,1,0.5544118294720342,2025
2025-09-25,0,1,0.5402779110999455,2025
2025-09-26,0,1,0.5266470302036628,2025
2025-09-29,0,1,0.5774625763369037,2025
2025-09-30,1,1,0.5180532110275519,2025
2025-10-01,1,1,0.5091690266832184,2025
2025-10-03,1,0,0.4988635119747085,2025
2025-10-06,1,1,0.5587842731530593,2025
2025-10-07,0,1,0.593164015657431,2025
2025-10-08,1,1,0.6039607431655121,2025
2025-10-09,1,1,0.5822736898767503,2025
2025-10-10,0,1,0.5634574199702957,2025
2025-10-13,0,0,0.49748278817248415,2025
2025-10-14,1,1,0.5938235182951052,2025
2025-10-15,1,1,0.5366422383077298,2025
2025-10-16,1,1,0.5673615131132543,2025
2025-10-17,1,1,0.5548226481223354,2025
2025-10-20,1,1,0.6234674874381672,2025
2025-10-21,1,1,0.6126937385307757,2025
2025-10-23,0,1,0.6767561340123389,2025
2025-10-24,1,1,0.6203893565518287,2025
2025-10-27,0,1,0.6184168788403965,2025
2025-10-28,1,1,0.6112820776902672,2025
2025-10-29,0,1,0.622520545520426,2025
2025-10-30,0,1,0.5553945603455079,2025
2025-10-31,1,1,0.5753292197834566,2025
2025-11-03,0,1,0.5640567518890994,2025
2025-11-04,0,1,0.5621785076742875,2025
2025-11-06,0,1,0.5154556102760285,2025
2025-11-07,1,0,0.4761741197271103,2025
2025-11-10,1,1,0.5549506652933144,2025
2025-11-11,1,1,0.5492230413720196,2025
2025-11-12,1,1,0.6255655723680081,2025
2025-11-13,1,1,0.60566043352287,2025
2025-11-14,1,1,0.5422815426644286,2025
2025-11-17,0,1,0.5795341849609797,2025
2025-11-18,1,1,0.5967573581064636,2025
2025-11-19,1,1,0.578902192062031,2025
2025-11-20,0,1,0.6243171058449993,2025
2025-11-21,0,1,0.542602516001451,2025
2025-11-24,0,1,0.5886696282561987,2025
2025-11-25,1,1,0.569987637459906,2025
2025-11-26,1,1,0.5277798058825794,2025
2025-11-27,0,1,0.5814956803888494,2025
2025-11-28,0,1,0.5733408155837552,2025
2025-12-01,0,1,0.6102655252599943,2025
2025-12-02,0,1,0.5285144822812841,2025
2025-12-03,1,1,0.5917305463886784,2025
2025-12-04,1,1,0.5312482770848126,2025
2025-12-05,0,1,0.5419946461071298,2025
2025-12-08,0,1,0.5615301186329704,2025
2025-12-09,0,1,0.5117020960253171,2025
2025-12-10,1,1,0.5103500570700303,2025
2025-12-11,1,1,0.5105303010440153,2025
2025-12-12,0,1,0.5378863265001543,2025
2025-12-15,0,0,0.4546616011831588,2025
2025-12-16,0,1,0.5078914203937892,2025
2025-12-17,0,1,0.5356059658866548,2025
2025-12-18,1,0,0.49747762902975773,2025
2025-12-19,1,1,0.5576816227519036,2025
2025-12-22,1,1,0.5844047145141569,2025
2025-12-23,0,1,0.5654555515851853,2025
2025-12-24,0,1,0.5471173021086283,2025
2025-12-26,0,1,0.5384116909442791,2025
2025-12-29,0,1,0.5394892964521274,2025
2025-12-30,1,1,0.5444815326346264,2025
2025-12-31,1,1,0.5312971803035654,2025
2026-01-01,1,1,0.5708141862446902,2026
2026-01-02,0,1,0.5751761866583809,2026
2026-01-05,0,1,0.5257121417101401,2026
2026-01-06,0,0,0.454492559104778,2026
2026-01-07,0,1,0.5094154017991122,2026
2026-01-08,0,1,0.5356491057653311,2026
2026-01-09,1,1,0.521755048895214,2026
2026-01-12,0,0,0.46962959923838626,2026
2026-01-13,0,1,0.5582930807978893,2026
2026-01-14,1,0,0.47660168080785875,2026
2026-01-16,0,1,0.5231777961711592,2026
2026-01-19,0,1,0.5093801552100613,2026
2026-01-20,0,1,0.507394565956322,2026
2026-01-21,1,0,0.437286044513205,2026
2026-01-22,0,1,0.5171802898445822,2026
2026-01-23,1,0,0.46655301442326963,2026
2026-01-27,1,0,0.44501964381215287,2026
2026-01-28,1,1,0.5263259698477158,2026
2026-01-29,0,1,0.5155417683748721,2026
2026-01-30,0,0,0.4050903986282613,2026
2026-02-02,1,0,0.28133528366040494,2026
2026-02-03,1,1,0.869315844002362,2026
2026-02-04,0,0,0.42976325825988804,2026
2026-02-05,1,0,0.4043622319284321,2026
2026-02-06,1,0,0.4971096483011332,2026
2026-02-09,1,1,0.5541237313584129,2026
2026-02-10,1,0,0.4774979529788114,2026
2026-02-11,0,1,0.5319720858150541,2026
2026-02-12,0,0,0.4498729970475654,2026
2026-02-13,1,0,0.4178722954203151,2026
2026-02-16,1,1,0.5032178229738357,2026
2026-02-17,1,0,0.46724093201818057,2026
2026-02-18,0,1,0.5133530144834791,2026
2026-02-19,1,1,0.5867109841105866,2026
2026-02-20,1,1,0.5396696109068763,2026
2026-02-23,0,1,0.5983934409077768,2026
2026-02-24,1,0,0.4671622504523465,2026
2026-02-25,1,1,0.5150920687763755,2026
2026-02-26,0,1,0.5422849113309324,2026
2026-02-27,0,1,0.5399522722808825,2026
2026-03-02,0,0,0.37820213811524545,2026
2026-03-04,1,0,0.44798166856121063,2026
2026-03-05,0,1,0.5945147015824498,2026
2026-03-06,0,1,0.5165771735072037,2026
2026-03-09,1,0,0.37759463480403466,2026
2026-03-10,0,1,0.6622108587580338,2026
2026-03-11,0,1,0.5218985098751634,2026
2026-03-12,0,0,0.40924027095699356,2026
2026-03-13,1,0,0.4850961513784782,2026
2026-03-16,1,1,0.5405395134210906,2026
2026-03-17,1,1,0.5111714151554541,2026
2026-03-18,0,0,0.4857617964607344,2026
2026-03-19,1,0,0.3740307070380804,2026
2026-03-20,0,1,0.617786755913585,2026
2026-03-23,1,1,0.5356601806443597,2026
2026-03-24,1,1,0.6334409688138907,2026
2026-03-25,0,1,0.5043734442351221,2026
2026-03-27,0,0,0.42015057164885083,2026
2026-03-30,1,0,0.48367264161950013,2026
2026-04-01,1,1,0.7712947082506844,2026
2026-04-02,1,0,0.4706388014244295,2026
2026-04-06,1,0,0.490424904165154,2026
2026-04-07,1,0,0.47580351241972846,2026
2026-04-08,0,1,0.7109677715035295,2026
2026-04-09,1,0,0.43135982916407795,2026
2026-04-10,0,0,0.4896069691005,2026
2026-04-13,1,0,0.45862134616841604,2026
2026-04-15,0,1,0.5558743543008988,2026
2026-04-16,1,0,0.47732379799076025,2026
2026-04-17,1,0,0.4494050174440113,2026
2026-04-20,1,1,0.5334763386837501,2026
2026-04-21,0,1,0.5830312937047354,2026
2026-04-22,0,1,0.5019327149019521,2026
2026-04-23,0,1,0.5309772327296347,2026
2026-04-24,1,1,0.5726181627732362,2026
2026-04-27,0,1,0.5561845257879783,2026
2026-04-28,1,1,0.5422347136543303,2026
2026-04-29,0,1,0.6032782419553293,2026
2026-04-30,1,1,0.5701828064296413,2026
2026-05-04,0,1,0.6986210851651077,2026
2026-05-05,1,1,0.561647220340481,2026
2026-05-06,0,1,0.6294723604363395,2026
2026-05-07,0,1,0.504955867606385,2026
2026-05-08,0,0,0.48416272556797535,2026
2026-05-11,0,0,0.4550954293468348,2026
2026-05-12,1,1,0.6209300041122414,2026
2026-05-13,1,1,0.5256693228444056,2026
2026-05-14,0,1,0.5721130125357516,2026
2026-05-15,1,0,0.49398265609735487,2026
2026-05-18,0,1,0.5077692827158782,2026
2026-05-19,1,1,0.5504999493928212,2026
2026-05-20,0,1,0.5346728622821845,2026
2026-05-21,1,1,0.589998962737158,2026
2026-05-22,1,1,0.5423690204304842,2026
2026-05-25,0,1,0.5807533058620212,2026
2026-05-26,0,1,0.5081868755243029,2026
2026-05-27,0,0,0.47003707614522305,2026
2026-05-29,0,1,0.6063127753292703,2026
2026-06-01,1,1,0.6672156793525231,2026
2026-06-02,0,0,0.48806275040903097,2026
2026-06-03,1,0,0.46305892547004124,2026
2026-06-04,0,0,0.4520205881189293,2026
2026-06-05,0,1,0.5302740334794841,2026
2026-06-08,1,0,0.438364593054446,2026
2026-06-09,0,1,0.5771913776203114,2026
2026-06-10,0,1,0.5303522637672421,2026
2026-06-11,1,0,0.46666143034139973,2026
2026-06-12,1,1,0.6300542607632578,2026
2026-06-15,1,1,0.6473875487560187,2026
2026-06-16,1,1,0.5700235539583118,2026
2026-06-17,1,1,0.5737285278361417,2026
2026-06-18,0,1,0.602437148322004,2026
2026-06-19,1,0,0.4410304543897744,2026
2026-06-22,0,1,0.5585477063301497,2026
2026-06-23,1,1,0.5031676778294701,2026
2026-06-24,1,1,0.5404622578590514,2026
2026-06-25,0,1,0.5656092585670565,2026
2026-06-29,0,1,0.5588266432755502,2026
2026-06-30,1,1,0.5627124881204824,2026
2026-07-01,1,1,0.5748551335956189,2026
2026-07-02,1,1,0.5796081581475876,2026
2026-07-03,1,1,0.5807720277226733,2026
2026-07-06,0,1,0.6209444431404718,2026
2026-07-07,0,1,0.5678438351104075,2026
2026-07-08,1,1,0.5348890960578955,2026
2026-07-09,1,1,0.5941213465906029,2026
2026-07-10,1,1,0.5814062371675522,2026
2026-07-13,0,0,0.4869579847675173,2026
2026-07-14,1,0,0.45211508846530185,2026
2026-07-15,0,1,0.5562958000140624,2026
2026-07-16,1,1,0.5723242696077043,2026
2026-07-17,0,1,0.6001965876481935,2026
2026-07-20,0,0,0.4338772936438266,2026
2026-07-21,0,0,0.497064656702203,2026
2026-07-22,0,0,0.4828868358612204,2026
2026-07-23,0,0,0.44602149117212403,2026
2026-07-24,1,0,0.3701401115114138,2026
2026-07-27,0,1,0.5248960088722173,2026
2026-07-28,1,0,0.45255741778994313,2026
2026-07-29,1,1,0.5931469931449932,2026
2026-07-30,1,1,0.558723232614388,2026
2026-07-31,1,1,0.5551731016534227,2026
2026-08-03,0,1,0.5348034706588196,2026
2026-08-04,1,1,0.5533164675299923,2026
2026-08-05,1,1,0.5731475697138209,2026
2026-08-06,0,1,0.6237087940723552,2026
2026-08-07,1,1,0.5482753390622533,2026
2026-08-10,0,1,0.5736195129515693,2026
2026-08-11,0,1,0.606604626369776,2026
2026-08-12,0,1,0.6007325925171529,2026
2026-08-13,0,1,0.5141554315492181,2026
2026-08-14,0,1,0.5436442533395064,2026
2026-08-17,0,1,0.5301552911785484,2026
2026-08-18,0,0,0.4979953185421628,2026
2026-08-19,1,0,0.4983549708161039,2026
2026-08-20,1,1,0.5722192432120008,2026
2026-08-21,0,1,0.5354266207881708,2026
2026-08-24,1,1,0.5101159035343469,2026
2026-08-25,0,1,0.5064148964019409,2026
2026-08-26,0,1,0.5311979568202165,2026
2026-08-27,1,0,0.4853039211311424,2026
2026-08-28,0,0,0.49715193475667774,2026
2026-08-31,0,0,0.4807336627457164,2026
2026-09-01,0,0,0.4583229800015109,2026
2026-09-02,0,0,0.40010236821871237,2026
2026-09-03,1,0,0.49081868367746095,2026
2026-09-04,0,0,0.47910957564558226,2026
2026-09-07,0,0,0.4653694724766221,2026
2026-09-08,0,0,0.37050138457633386,2026
2026-09-09,1,0,0.3601402075325261,2026
2026-09-10,0,0,0.4099812437785769,2026
