date,actual_return,predicted_return
2022-03-07,0.0094747765094835,0.013605194990285813
2022-03-08,0.0207262900882942,0.008809439522370396
2022-03-09,0.0152673871904744,0.0009695500982452277
2022-03-10,0.0021421537513466,0.0011286736514345566
2022-03-11,0.014482565042708,-0.010433958552433474
2022-03-14,-0.0123464565033122,-0.004156888872696528
2022-03-15,0.0187451004846066,-8.640702172311022e-05
2022-03-16,0.0183619883565082,0.0009623816998535108
2022-03-17,-0.0098022024704637,-0.004552061782135959
2022-03-21,0.0115612232521558,-0.00416996175354944
2022-03-22,-0.004033935455228,0.0010315479203677892
2022-03-23,-0.0013278937068936,0.0032713980176412518
2022-03-24,-0.0040498758909001,-0.004254303111000371
2022-03-25,0.0040226199498629,-0.003322737717049144
2022-03-28,0.005998187274997,0.0030516627907853527
2022-03-29,0.0099824655821947,0.003941931645254148
2022-03-30,-0.0019144771620018,-0.0034770438426331603
2022-03-31,0.0117779652585923,0.000482632629820733
2022-04-01,0.0216718413399843,0.002452552025206729
2022-04-04,-0.005317557796472,0.00527770931010096
2022-04-05,-0.0083391803235717,0.0033677200624403986
2022-04-06,-0.0094397411049521,-9.056288965675569e-05
2022-04-07,0.0082087593907955,0.005262479061335997
2022-04-08,-0.006151497975913,0.0036495755001607144
2022-04-11,-0.0081838106412522,-0.001888845500412646
2022-04-12,-0.0031174816283502,-0.00423044143801131
2022-04-13,-0.0172811880101475,0.0058591491584588234
2022-04-18,-0.0125191788064678,-0.0020455051865882175
2022-04-19,0.010490244596548,0.0030149136181188856
2022-04-20,0.014941678252146,0.00469698278844759
2022-04-21,-0.0126864526051679,-0.0005841705422845866
2022-04-22,-0.0126951225643019,-0.010570823398523778
2022-04-25,0.0145601216162072,-0.0028560505050734828
2022-04-26,-0.0094414436101153,0.009256577601567706
2022-04-27,0.0121285088909346,-0.0032729870809307888
2022-04-28,-0.0082632403816946,-0.0024328116284756843
2022-04-29,-0.0019559171203674,-0.002702190729687137
2022-05-02,-0.0229361834519363,-0.006522107572986993
2022-05-04,0.0003028482136697,0.0069321316467634035
2022-05-05,-0.0162684216398562,0.0029758519822052744
2022-05-06,-0.0066661826871809,0.003500615649840578
2022-05-09,-0.0037909688880922,0.0028380390507610344
2022-05-10,-0.0044919933245182,0.004863405548036031
2022-05-11,-0.0222117521417858,0.0004562061027936723
2022-05-12,-0.0016352232651188,0.002480329062137203
2022-05-13,0.0038112305721171,0.007804125362703048
2022-05-16,0.0263219359020472,0.007760142342805756
2022-05-17,-0.0011685620062508,0.0007329726795322703
2022-05-18,-0.0265327253341793,-0.003749307949697692
2022-05-19,0.0288910387942893,0.0009421016856956477
2022-05-20,-0.0031630222318707,0.001328153636866716
2022-05-23,-0.0055227542667355,0.002337706421357278
2022-05-24,-0.0061612191843656,-0.002004287933118702
2022-05-25,0.0090073873189953,0.009479019585959205
2022-05-26,0.0112738471989222,0.002271182583658042
2022-05-27,0.0188932050929628,-0.0006730964663061839
2022-05-30,-0.0046124339835348,-0.0013456063144681417
2022-05-31,-0.0037264067061659,-0.0005557770923862253
2022-06-01,0.0063700049931154,0.004776745621925858
2022-06-02,-0.0026280502014673,0.005265376238934421
2022-06-03,-0.0008893953501298,0.0017458869282722615
2022-06-06,-0.0092459460064759,-0.0016756999796566014
2022-06-07,-0.0036609606157923,-0.0012936608674947053
2022-06-08,0.0074497277416889,-0.0008739462996694831
2022-06-09,-0.0167676984141,0.0008902079022486936
2022-06-10,-0.0263797491152091,-0.001720612729491309
2022-06-13,-0.0026816094559853,0.00586248752774474
2022-06-14,-0.002539344381356,0.005099440417673935
2022-06-15,-0.0211284478542902,0.0035178703754408427
2022-06-16,-0.0043682936266399,0.009638290722923284
2022-06-17,0.0037042135956451,0.00014060439850669526
2022-06-20,0.018804337854487,0.003642992814080724
2022-06-21,-0.0144192650853174,-0.003227860896850335
2022-06-22,0.0093004475196092,-0.006796826471680203
2022-06-23,0.0091664725885294,0.0035727857614286213
2022-06-24,0.008458990377725,0.005258529320186747
2022-06-27,0.0011464333961117,0.00022534866953348898
2022-06-28,-0.0032239710103227,-0.0044393995449687725
2022-06-29,-0.0011930812414028,-0.004312787207361763
2022-06-30,-0.0017870563085186,-0.0066191887800665875
2022-07-01,0.0052881882498054,-0.002956222392069108
2022-07-04,-0.0015471713984448,-0.00259589778901957
2022-07-05,0.0113181897073002,-0.004763548768440748
2022-07-06,0.0089494920315105,-0.008431324007020772
2022-07-07,0.0054360478665673,-0.00017392252922570592
2022-07-08,-0.0002835659276332,0.0003617274944538872
2022-07-11,-0.0097249750439381,-0.003729689384777859
2022-07-12,-0.0057072925015229,-0.00489680410846443
2022-07-13,-0.0017536552323109,8.782402370915868e-06
2022-07-14,0.0069359576863876,-0.0023560236642193155
2022-07-15,0.0142873041582765,-0.005132599164882737
2022-07-18,0.0038117642711243,-0.00752700605449058
2022-07-19,0.0110338885069691,-0.006087177238488217
2022-07-20,0.005108719746296,0.00019456972293877152
2022-07-21,0.0068772959606149,0.0006050947744077467
2022-07-22,-0.0052901993117577,-0.0011672193643022556
2022-07-25,-0.008847958067765,-0.0041318484201850695
2022-07-26,0.0095821774414373,-0.0011421561815787634
2022-07-27,0.0172937311236929,0.0024942412331024795
2022-07-28,0.0135059538264792,-0.0016946374941100807
2022-07-29,0.0105955316684394,-0.003011844213073591
2022-08-01,0.0003113276638058,-0.0007657466660523588
2022-08-02,0.0024618083588656,-0.004151617278775522
2022-08-03,-0.0003537116074355,0.0039507743733698635
2022-08-04,0.0008917270739845,0.008876111159740383
2022-08-05,0.0073343646716481,0.005379087031482354
2022-08-08,0.0005506610997998,0.0056663438658667575
2022-08-10,0.0070859293688247,0.004983991877969318
2022-08-11,0.0022170219505635,0.0072970982128851575
2022-08-12,0.0071815193435313,0.0029786812323217503
2022-08-16,0.0066759231988331,0.004540873884498417
2022-08-17,0.000682669936052,0.007596474029325536
2022-08-18,-0.011029475746944,-0.00026442115988367285
2022-08-19,-0.0150773300473388,0.001328781644308959
2022-08-22,0.0049626821755044,0.000938290028515293
2022-08-23,0.0015616110795051,-0.0013151265925120865
2022-08-24,-0.0046861822192667,0.0015641251774921147
2022-08-25,0.0020802555293466,-0.004462624165009088
2022-08-26,-0.0140099889245538,0.004412696760902917
2022-08-29,0.0257842637890255,-0.0058670797241792885
2022-08-30,-0.0121907952721076,0.004689425295445613
2022-09-01,-0.0001910505934481,-0.006299625710364821
2022-09-02,0.0072038500710118,-0.006914476664043186
2022-09-05,-0.0005774531254664,0.004460348486230801
2022-09-06,-0.0017671004916441,-0.0011675148893430384
2022-09-07,0.0098925129655895,-0.003160470227302682
2022-09-08,0.0019439347917691,0.000692644031824651
2022-09-09,0.005775695663245,0.0016946028083155902
2022-09-12,0.0074542019299801,0.0005130137549776084
2022-09-13,-0.0036690976717561,0.0027105929691674273
2022-09-14,-0.0070179606679163,-0.0019108396491045142
2022-09-15,-0.0193848531485446,-0.006951403637341926
2022-09-16,0.0052136885924867,-0.0023492555284389126
2022-09-19,0.0110088098852303,-0.0006305273341295143
2022-09-20,-0.0054950054374517,-0.0007268779479045111
2022-09-21,-0.0049975776569025,-0.010342419532371437
2022-09-22,-0.0171556772324205,-0.007382883486107952
2022-09-23,-0.0179513217622564,0.0005099872895366828
2022-09-26,-0.0005230508522044,0.005258802589481564
2022-09-27,-0.0087491784653945,0.004254411629199628
2022-09-28,-0.0024023347691036,0.001939758338460722
2022-09-29,0.016425755966269,0.0010842244119310563
2022-09-30,-0.0121092644487904,-0.001842902131150702
2022-10-03,0.0229136709327191,-0.0035557741823489886
2022-10-04,0.0033286441360573,0.0002663644792717234
2022-10-06,-0.0009895331040011,0.0017273103223086552
2022-10-07,-0.0042536458411471,-0.0005974324595824261
2022-10-10,-0.0149323831999303,-0.0026920565094820967
2022-10-11,0.0082461453396196,-0.001525773880817402
2022-10-12,-0.0063800837728176,0.0010033678005770708
2022-10-13,0.0100708880038873,-0.004824295821545585
2022-10-14,0.0073375869608156,-0.0021718563251932462
2022-10-17,0.010117285874136,-0.002023330792591869
2022-10-18,0.0014468379208691,0.0018367268139512635
2022-10-19,0.002952174549244,-0.00015222287135157253
2022-10-20,0.0007032337856462,0.0010578335116475006
2022-10-21,0.0087873563767617,-0.002216484233809387
2022-10-24,-0.004196122026705,0.005107712145285499
2022-10-25,0.0045649078749665,-0.0008527427718127712
2022-10-27,0.0028106052447454,0.0006800502879387069
2022-10-28,0.0126722303955641,0.0020611642458792153
2022-10-31,0.0073950532223929,0.0063231566191344814
2022-11-01,-0.0034471976315451,0.003640397653838112
2022-11-02,-0.0016673473084335,-0.00010018443414961417
2022-11-03,0.0035701681556883,0.0024397848069105743
2022-11-04,0.0047275862251119,0.004364529565915412
2022-11-07,-0.0025161392359563,0.0035350247699295102
2022-11-09,-0.0070937259046097,-0.001915221855143172
2022-11-10,0.0178331732470333,-0.004045294018484944
2022-11-11,-0.0011198455015547,0.0069673042280600644
2022-11-14,0.0040509242609507,0.0005023271861375746
2022-11-15,0.0003396111515991,0.002950750534830426
2022-11-16,-0.0035714963948192,0.003168155589780187
2022-11-17,-0.0019761337135545,0.0010535698337594825
2022-11-18,-0.0080677295405768,-0.0018852632751668597
2022-11-21,0.0046393301536886,-0.00035488752949262327
2022-11-22,0.0012634580983039,0.004011541462160913
2022-11-23,0.0118709498898301,-0.0005833748744560733
2022-11-24,0.0015500019600884,0.0033700073708766063
2022-11-25,0.0027008413120686,0.003964788473998853
2022-11-28,0.0029791265437502,0.0028934992017757913
2022-11-29,0.0075356346254191,0.004478139785081599
2022-11-30,0.0028867353340049,0.00482004641876046
2022-12-01,-0.006187396179402,0.002118211893060654
2022-12-02,0.0002648237856262,-0.0005650553317531373
2022-12-05,-0.0031175136590962,0.004207467867780201
2022-12-06,-0.0044119027503989,0.0016040219434086127
2022-12-07,0.0026319123609277,-0.0014747391628246848
2022-12-08,-0.0060587824059793,0.0016144648173474167
2022-12-09,2.977743269738653e-05,0.0003597729306717781
2022-12-12,0.0059927938646799,3.513025567623634e-05
2022-12-13,0.0028106610731943,0.0060451224511975845
2022-12-14,-0.0131509343553336,0.0032660820972136686
2022-12-15,-0.0079229530179417,-0.002109016691694916
2022-12-16,0.0082899566889265,-0.0045424938950878666
2022-12-19,-0.0019081205394395,0.0052781535716948475
2022-12-20,-0.0101277196435586,-0.006326759022750431
2022-12-21,-0.0039425027358517,-0.0020665514759967757
2022-12-22,-0.0176831602541178,-0.005672585803709404
2022-12-23,0.0116696328935068,-0.0032269173655814576
2022-12-26,0.0065336546149905,-0.003575232820384126
2022-12-27,-0.0005405150382313,0.0024201246316825874
2022-12-28,0.0037798317009243,-0.006869213971165152
2022-12-29,-0.0047110779368918,-0.0026083503061242984
2022-12-30,0.0050895833553579,0.002403017963716864
2023-01-02,0.0019289276248581,0.0023635409052828833
2023-01-03,-0.0103990694870288,0.0017168640412298219
2023-01-04,-0.0028154392892826,-0.006574860360735553
2023-01-05,-0.0073755037054461,-0.003076530212841345
2023-01-06,0.0135362517084902,-0.0006652959430687789
2023-01-09,-0.0103335047509585,0.004619625139331368
2023-01-10,-0.0010299775022909,-0.003428471353850545
2023-01-11,-0.0020954755408891,-0.004425336472449379
2023-01-12,0.0055100959183882,0.000686538933197842
2023-01-13,-0.0034388470725693,0.0017585853132106467
2023-01-16,0.0088545685118242,-0.0008324481464544623
2023-01-17,0.00620655632356,0.0013748111486018048
2023-01-18,-0.003165367099256,0.004327131499055259
2023-01-19,-0.0044289753051891,-0.0016588546852922053
2023-01-20,0.0050422760956287,-0.004648797361008166
2023-01-23,-1.3798013043020418e-05,0.0034474780658184166
2023-01-24,-0.0124929796250122,0.0002460104839886139
2023-01-25,-0.0160742469061787,-0.004379452917652071
2023-01-27,0.0025334426073457,-0.00479641459297241
2023-01-30,0.0007479862801675,0.0017457731970597795
2023-01-31,-0.0025959245256645,-0.002926671767875354
2023-02-01,-0.0003349392530399,-0.006177989541443654
2023-02-02,0.0138355963078902,-0.0007799912131429675
2023-02-03,-0.0050101331608701,0.005379387622757479
2023-02-06,-0.0024261514654264,0.0008105048345694857
2023-02-07,0.0084755364246817,0.001800337490162165
2023-02-08,0.0012170079483646,0.004958975682554167
2023-02-09,-0.0020649578680046,0.0030663697674193097
2023-02-10,-0.0047937507000251,3.34939310885898e-05
2023-02-13,0.0089443537049958,0.0023256347581104495
2023-02-14,0.0047964707944361,0.0028003784271684777
2023-02-15,0.0011101336008929,0.0030023401086173274
2023-02-16,-0.0050815676893513,0.00047860383343147257
2023-02-17,-0.0055505184801407,-0.0011619081556353305
2023-02-20,-0.001003126492992,0.0027281265874131103
2023-02-21,-0.0152803631315826,0.002163554447335021
2023-02-22,-0.0024524349779846,-0.00300075035167001
2023-02-23,-0.002595429723749,-0.0005907538642099997
2023-02-24,-0.0041854114458053,-0.0011835166273262952
2023-02-27,-0.0051027157362857,-0.0031058329226905435
2023-02-28,0.008492348770636,0.0015332127329889752
2023-03-01,-0.0073921687198044,0.003894462932714733
2023-03-02,0.0157285986298278,-0.004063595037886589
2023-03-03,0.0066555236183669,0.0029240637668068634
2023-03-06,0.0024250512391459,0.004074603079251266
2023-03-08,-0.0092822498999752,0.0015928446626646184
2023-03-09,-0.010045664635585,-1.6423491837802746e-05
2023-03-10,-0.0148510359316261,2.479712726883589e-05
2023-03-13,-0.0064706805258611,-0.002939866222542777
2023-03-14,-0.0041746837386849,-0.0023662324435789065
2023-03-15,0.0007924286811309,0.0009535513430768529
2023-03-16,0.0067381296219788,-0.0006246935390898177
2023-03-17,-0.0065292432199922,-0.00041946053548537444
2023-03-20,0.007010642946744,-0.004602508431724925
2023-03-21,0.0025953757489405,-0.002195018729898796
2023-03-22,-0.0043726933046436,0.0014146378115780863
2023-03-23,-0.0077209333285906,-0.0012458098664449068
2023-03-24,0.0023988383407489,-0.0009679661863302809
2023-03-27,-0.0020016838613549,0.002280795205255959
2023-03-28,0.0076098565893214,-0.0010587806704721544
2023-03-29,0.0163371989446239,-0.0006356672336900408
2023-03-31,0.0022062979737611,0.0024516201799684436
2023-04-03,0.0091389548173612,0.0004440558053138623
2023-04-05,0.0023978747854371,0.002880078903798846
2023-04-06,0.001414863221935,0.0024997572983322773
2023-04-10,0.0055747683219642,0.005148118640531135
2023-04-11,0.0050839679614469,0.003860233307014095
2023-04-12,0.0008757724412713,0.004864299241320398
2023-04-13,-0.0067955121508301,0.0010571265989844183
2023-04-17,-0.0026373533282438,0.004694288765820749
2023-04-18,-0.0023442830162407,0.0034395841781794563
2023-04-19,0.0003234746363958,0.0038660186166206067
2023-04-20,-2.260708945023282e-05,0.0035820616654292673
2023-04-21,0.0067719737565652,0.0014924618223916574
2023-04-24,0.0014568576938982,0.005057823790404211
2023-04-25,0.0024958627615121,0.005248808516977135
2023-04-26,0.0056951528101938,0.004890741384195084
2023-04-27,0.0083700136036979,0.007475595307332429
2023-04-28,0.0045751669319125,0.0031001184225798594
2023-05-02,-0.0031850283648763,0.0016376224321268697
2023-05-03,0.0091737176073036,0.0016711010230385068
2023-05-04,-0.0102324068655403,0.0048490997392030685
2023-05-05,0.0108141231183243,-0.0021470396541149045
2023-05-08,8.480038171931881e-05,0.0008718631287780331
2023-05-09,0.0026908205008338,0.0015389549838798423
2023-05-10,-0.0009882342854272,0.0025999738871862496
2023-05-11,0.0009728797753729,-0.0013897224806691
2023-05-12,0.0045891205221868,-0.000634752217374711
2023-05-15,-0.0061063388070606,0.0019246940828186393
2023-05-16,-0.0057282694884204,0.0019050559572557858
2023-05-17,-0.0028490536527011,-0.00040262265226815463
2023-05-18,0.0040513721791914,0.0017996371987241918
2023-05-19,0.0060977618257063,0.0027567082565595267
2023-05-22,0.0018346005688616,0.002233097461558452
2023-05-23,-0.0034117947119577,0.0002070183870895863
2023-05-24,0.0019551116867164,0.003951494726397452
2023-05-25,0.0097264208278746,0.005837581627653202
2023-05-26,0.0053677985089635,0.006557064948430463
2023-05-29,0.0018925684396833,0.0030368212964099243
2023-05-30,-0.0053370195013254,0.00013332352594122414
2023-05-31,-0.0025169624936233,0.00966133705614077
2023-06-01,0.0025070443604549,0.0016077340289986895
2023-06-02,0.0032237875731377,0.005320977065154667
2023-06-05,0.0002769943144211,0.0012870882028740926
2023-06-06,0.0068498516385289,-0.001802686793787544
2023-06-07,-0.0049048192636628,0.0014090649545327608
2023-06-08,-0.0038181972541345,-0.001198093774472778
2023-06-09,0.0020524046550352,-0.002441038490883325
2023-06-12,0.0061635024393194,0.0020135093632513566
2023-06-13,0.0021238341844009,0.003000866791405562
2023-06-14,-0.0036149041015322,0.0016619784212090212
2023-06-15,0.007379048352023,-0.0005204446463560083
2023-06-16,-0.0037475183921172,0.0003509761200010803
2023-06-19,0.0032657175674986,2.275958179302263e-05
2023-06-20,0.002133763746672,-0.0002961262886108989
2023-06-21,-0.0045394438174043,0.001320175939569298
2023-06-22,-0.0056336152360657,-0.0006501000454589933
2023-06-23,0.0013768299134766,-0.004434485665269955
2023-06-26,0.0067519034171119,0.0031450655491362216
2023-06-27,0.0082210728123248,0.002188301638280572
2023-06-28,0.0114352747635688,0.003254298206423682
2023-06-30,0.0069570924336936,0.004185855623876535
2023-07-03,0.0034389465191355,0.0017323347725918745
2023-07-04,0.0004899685388621,0.003695563872273821
2023-07-05,0.0050932175812563,0.0027870381973071324
2023-07-06,-0.0084883544577184,0.002579453062267115
2023-07-07,0.0012466303397029,-0.001221557637806792
2023-07-10,0.0043139300324381,0.0008010966779774727
2023-07-11,-0.0028344294714754,0.00224091131520063
2023-07-12,0.0015192303855748,-0.0017079189808866543
2023-07-13,0.0077651149314275,-0.0019246689928414428
2023-07-14,0.0075110132510414,0.002935283117562386
2023-07-17,0.0019177068530324,0.003132225567841028
2023-07-18,0.0042482823714824,0.0020765934027767306
2023-07-19,0.0073614124394989,0.007437916834194053
2023-07-20,-0.011719737128305,0.005944048416710916
2023-07-21,-0.0036794322929856,-0.00445211974514633
2023-07-24,0.0004193703428323,0.0023024090902283175
2023-07-25,0.0049643391875346,0.0012635503870063241
2023-07-26,-0.0059863783008722,0.0007027061957559632
2023-07-27,-0.0007044597937843,-0.0018976222660127438
2023-07-28,0.0054845628365591,-0.0017338718449431182
2023-07-31,-0.0010251191770254,0.0003897357578661868
2023-08-01,-0.0104897492749598,-8.214830526908344e-05
2023-08-02,-0.0074206854169113,-0.003791932857726316
2023-08-03,0.0069833892701145,-0.0009796805121604596
2023-08-04,0.0041144018676027,0.0036250374377765184
2023-08-07,-0.0013497354646058,0.0015853433408416075
2023-08-08,0.0031527078847637,-0.0029491105324590335
2023-08-09,-0.0045562684580157,0.0038727991976859905
2023-08-10,-0.0058741361615907,-0.00015617494924765902
2023-08-11,0.0003216956578122,-0.00157826693463723
2023-08-14,0.0015667570139761,-0.0007646202171503106
2023-08-16,-0.0051245825841254,-0.003941322318345286
2023-08-17,-0.0028452826260957,-0.003690037144225084
2023-08-18,0.0043215209131937,-0.0047465143689943215
2023-08-21,0.0001469355577301,0.0022698179433951354
2023-08-22,0.0024515199000461,0.0005194836583391579
2023-08-23,-0.0029469646806212,3.436874983922365e-05
2023-08-24,-0.0062361537740819,-0.0001344121013219262
2023-08-25,0.0020891942389009,-7.207980750268523e-05
2023-08-28,0.001895758474361,0.0016937506333741482
2023-08-29,0.0002480956863764,0.00434072010472432
2023-08-30,-0.0048403506033882,0.001389983208473448
2023-08-31,0.0094267101889176,-0.0009617361506958773
2023-09-01,0.0048108337016425,0.001678379291556026
2023-09-04,0.0023605960187407,0.001616732471073227
2023-09-05,0.0018467726478093,0.0028002311191421825
2023-09-06,0.0059150323607803,0.0028580679407848673
2023-09-07,0.004709190366575,0.004739853136437942
2023-09-08,0.0089001434200508,0.005312789266233573
2023-09-11,-0.0001575482868895,0.006379637796919709
2023-09-12,0.0038413452699443,0.0012382778270570226
2023-09-13,0.0016492082399102,0.0012879092109477535
2023-09-14,0.0044396138771742,0.004435121011944517
2023-09-15,-0.0029243168460981,0.003288454832451664
2023-09-18,-0.011518249945432,0.0002889061169458722
2023-09-20,-0.0079919391664983,-0.0008508022988044932
2023-09-21,-0.0034494176591149,0.001479681768972286
2023-09-22,1.5288066889551644e-05,-0.0014920938208349216
2023-09-25,-0.0005007261720755,-0.0007270641060594883
2023-09-26,0.0026316191986632,-0.0012468049914570985
2023-09-27,-0.0097836296667737,0.0004978647711719671
2023-09-28,0.0058775169171687,-0.0007487469387135209
2023-09-29,-0.0055784246544688,0.0018372812599543901
2023-10-03,-0.0047443072713306,-0.0006642752989183445
2023-10-04,0.0056415841052857,-0.003261291086349408
2023-10-05,0.0055127073660514,0.0013823584252885689
2023-10-06,-0.0071819467588469,0.004644953879741226
2023-10-09,0.0090968029762401,-0.008876684786440494
2023-10-10,0.0061706921287072,0.003270861507189547
2023-10-11,-0.0008757409120068,0.00498145755879591
2023-10-12,-0.002169809980297,-0.0004010700396633233
2023-10-13,-0.0009772027556287,-0.001804161354835191
2023-10-16,0.0040417094276989,0.0017116852128599867
2023-10-17,-0.0070868127413371,0.006173213793282652
2023-10-18,-0.0023588102112444,-0.0011677906561035913
2023-10-19,-0.0041808960845935,-0.0013572993124448766
2023-10-20,-0.0133503074255556,-3.124607340875712e-05
2023-10-23,-0.008277236732921,-0.002063662525934918
2023-10-25,-0.0138530649123475,-0.0023221306255176996
2023-10-26,0.0100757003274603,-0.00010199413362616439
2023-10-27,0.0049167407696648,0.0024780081815020767
2023-10-30,-0.0032026069828995,-0.001546827624891055
2023-10-31,-0.0047406245729368,-0.002034985439927351
2023-11-01,0.0075885232572669,-0.0028923517501730717
2023-11-02,0.0050879808383312,0.005389108378744917
2023-11-03,0.0094199033989916,0.0013827029828458323
2023-11-06,-0.0002601919584787,0.0024371939756912646
2023-11-07,0.0018962926582819,0.0004750028878848064
2023-11-08,-0.002478937369815,0.0036225762592712713
2023-11-09,0.0015492839458333,0.000621184454282036
2023-11-10,0.0009369804014345,0.0031207968287839845
2023-11-13,0.0119267535086042,0.001885155968040995
2023-11-15,0.0045615222809993,0.00595327364934475
2023-11-16,-0.0016897597201204,0.0019073458862542297
2023-11-17,-0.0019157289123818,0.00016558009917079833
2023-11-20,0.004539473475424,0.0002455069940144602
2023-11-21,0.0014380348265852,0.0018923208794383365
2023-11-22,-0.0004971574875239,0.00036111379266501943
2023-11-23,-0.0003686890844358,0.0011023171512479903
2023-11-24,0.0047992646389904,0.0016920351224602465
2023-11-28,0.0104023891135545,0.005124687425062076
2023-11-29,0.0018187545137213,0.004890383793166065
2023-11-30,0.0066929416105065,0.0029156488026975975
2023-12-01,0.0206681690037693,0.003480186890637748
2023-12-04,0.0081355657602475,0.0068146598284601215
2023-12-05,0.0039606432442005,0.0027112581661658084
2023-12-06,-0.001745599062397,0.001156541014551799
2023-12-07,0.0032653705047074,0.0018653561798944033
2023-12-08,0.0013209351833629,0.0029703339673984083
2023-12-11,-0.0043196070141755,0.0015036385792623558
2023-12-12,0.0009542158562574,-0.002321564211179435
2023-12-13,0.0122500872899569,-2.3604661520966355e-05
2023-12-14,0.0129327792008919,0.0017632706310929506
2023-12-15,-0.0017710126840955,0.000998249576513005
2023-12-18,0.0016083748565725,-0.0012277237692585852
2023-12-19,-0.0141214660942333,0.0028341754049659397
2023-12-20,0.0049597940765233,0.004662308456295936
2023-12-21,0.0044389265566107,0.003177962880117043
2023-12-22,0.0043068759341071,0.00032831481356136234
2023-12-26,0.0099527499207277,0.0003941712586659579
2023-12-27,0.0057238813077962,-0.0006009953861661885
2023-12-28,-0.0021717930740454,0.00011912392579731831
2023-12-29,0.0004831718072126,-0.0017677967728235806
2024-01-01,-0.003500136051024,0.001246148892889802
2024-01-02,-0.0068518663756694,0.0007204367350213065
2024-01-03,0.0065644701863494,-0.0007786619368819985
2024-01-04,0.0024101822286055,-0.0007217356866267033
2024-01-05,-0.009110708685643,-0.0008261390431825966
2024-01-08,0.0014804820050666,-0.002505084626559624
2024-01-09,0.0034277152411805,-0.0005254618625949276
2024-01-10,0.0013183031833516,-0.0003821536944991395
2024-01-11,0.0114264926377058,-0.0020716810769088032
2024-01-12,0.0092670746948486,-0.0021581961093526565
2024-01-15,-0.0029482333845447,-0.00034031512103182974
2024-01-16,-0.0208943935120824,-0.003627595442249554
2024-01-17,-0.0050852715087356,-0.006032847072671154
2024-01-18,0.0074619571864553,-0.0005501380806704716
2024-01-19,-0.0177408429427344,0.0013084363956865235
2024-01-23,0.0101299710711508,-0.0010325716048403845
2024-01-24,-0.0047240537554001,-0.005944064484239293
2024-01-25,0.0180305914522447,-0.001915494927956845
2024-01-29,-0.0099136981024832,-0.0033357174983241183
2024-01-30,0.0094600254190029,-0.005519873124094629
2024-01-31,-0.0013003033741542,-0.0027717790528084146
2024-02-01,0.0072059881750932,-0.0016223607207668375
2024-02-02,-0.0037568550808078,0.001044901054740113
2024-02-05,0.0072434021015312,-0.005770759123012495
2024-02-06,5.014315737827957e-05,-0.007287329446499017
2024-02-07,-0.0096920171108729,-0.005054087006855113
2024-02-08,0.0029722318898448,-0.002907745489152171
2024-02-09,-0.0076414194307357,-0.003486872000210747
2024-02-12,0.0058844800115076,-0.003995106623453924
2024-02-13,0.0044519922849619,-0.004896702489653006
2024-02-14,0.0032371361888359,-0.006937227161609332
2024-02-15,0.0059308430222606,-0.007316712443939274
2024-02-16,0.0037000088082788,-0.0024305920368753813
2024-02-19,0.003376655573009,-0.005054181499782436
2024-02-20,-0.00639270001033,-0.0015688035975176943
2024-02-21,0.0073633218581414,0.0007117260201225915
2024-02-22,-0.0002137959201901,0.0012213537920315065
2024-02-23,-0.0040809285088362,-0.000705721288929157
2024-02-26,0.0034489943486464,-0.004974526920241799
2024-02-27,-0.0111359278099485,-0.000766139699071048
2024-02-28,0.0014418556686905,-0.0017902528008717283
2024-02-29,0.0161921687000685,-0.0016914160857166016
2024-03-01,0.0029925402887358,-0.002479956560597316
2024-03-04,-0.0022002905070378,-0.002619251911935262
2024-03-05,0.0052669715420341,-0.0040539512519657634
2024-03-06,0.000867667346212,-0.0006869445609170697
2024-03-07,-0.0071531788017711,0.0016395942549534545
2024-03-11,0.000136518866846,-0.0008507200453187309
2024-03-12,-0.0151327252704165,-0.00102914215272594
2024-03-13,0.0067712159528048,0.004292667337602852
2024-03-14,-0.0055674686273187,-0.0019494557020976002
2024-03-15,0.0014688778023679,-0.0026438133722610216
2024-03-18,-0.0108021966402886,-7.166976656475504e-05
2024-03-19,0.0009923428906801,-0.0005287943571605255
2024-03-20,0.0079146856998078,0.0006647838625127389
2024-03-21,0.0038524885010076,0.001961907770164739
2024-03-22,-0.0041658063402989,-0.0008042954996801686
2024-03-26,0.0054057167831516,-0.0011037092446132871
2024-03-27,0.0091870010785439,0.0014421797753667797
2024-03-28,0.0060509791780918,-9.794172717112349e-05
2024-04-01,-0.0003872860275131,-0.0006452364384063724
2024-04-02,-0.0008306302403686,-0.0003321569378145002
2024-04-03,0.0035659124883635,-0.0006602098624814069
2024-04-04,-4.224679746289706e-05,0.0005428765987786384
2024-04-05,0.0067781647528144,0.0004144549003799524
2024-04-08,-0.0010390218270411,0.003331830423511503
2024-04-09,0.0049044741142307,-0.000302365918832826
2024-04-10,-0.0103015928142499,0.002184884220518488
2024-04-12,-0.010963897188301,-0.00143614367476306
2024-04-15,-0.005594325260972,-0.0024975972817038597
2024-04-16,-0.0068652458503182,-0.0020616011188573065
2024-04-18,0.0068717686886063,-0.0001873255862075027
2024-04-19,0.0085519659829773,-0.0016356832284764894
2024-04-22,0.0014147135985376,0.0006779535672298859
2024-04-23,0.0015379287654238,-0.0008048079647347503
2024-04-24,0.0074969296067168,0.0001541570703382156
2024-04-25,-0.0066636269808832,0.001441450613447178
2024-04-26,0.0099666225688024,0.00010277706534458648
2024-04-29,-0.0017025173156396,0.0008869527103016663
2024-04-30,0.001917712797214,0.00046409606684907895
2024-05-02,-0.0076098592965534,-0.00011465154441272552
2024-05-03,-0.0014749338156797,0.0014048262849377078
2024-05-06,-0.006246985595782,0.0025875165980625116
2024-05-07,0.0,0.0018799345700334512
2024-05-08,-0.0154691178119045,-0.0004658830672252495
2024-05-09,0.004449469144939,0.0015681236980521315
2024-05-10,0.0022149680905385,0.0009944141351227566
2024-05-13,0.0051483245877055,-0.0006665970546685379
2024-05-14,-0.0007786004689536,-0.0014599006690463835
2024-05-15,0.0091573776762647,-0.000155266722848691
2024-05-16,0.002778540343975,0.0026848214390594407
2024-05-17,0.0028020516676037,0.0015122443594478199
2024-05-21,0.00305161547495,-0.0003307715661135356
2024-05-22,0.016366619608483,0.0014688582220209509
2024-05-23,-0.0004593757337192,0.0005634257994795893
2024-05-24,-0.0010737589261899,-0.0038130589989410035
2024-05-27,-0.0019317094176221,-0.0013402217225486229
2024-05-28,-0.008015115627261,0.000643823745738148
2024-05-29,-0.0095155996581792,-0.0014565306282575152
2024-05-30,0.0018697799732139,0.00020855832843805758
2024-05-31,0.0325423176953527,0.00245731665180461
2024-06-03,-0.0592935994164107,0.004285029749837424
2024-06-04,0.0336242367600356,0.01144065654355902
2024-06-05,0.0088880492442378,-0.0073786914831998705
2024-06-06,0.0205399314668071,0.0028441598989012357
2024-06-07,-0.0013289382574128,-0.006149302049236687
2024-06-10,0.0002429314342191,-0.004032404729480329
2024-06-11,0.0024973129141392,0.0012313465080686314
2024-06-12,0.003256499474515,0.0030649294694688623
2024-06-13,0.0028505279152657,0.0027953193887018763
2024-06-14,0.0039334507869606,0.00012136066542660893
2024-06-18,-0.0017786131162043,0.0026199872387727176
2024-06-19,0.0021687361796223,-0.0023775265926063785
2024-06-20,-0.0027962995130903,0.0012535639902052187
2024-06-21,0.001563756616109,-0.0007370245232881577
2024-06-24,0.0077938798539154,-0.002461930726697937
2024-06-25,0.0062180401218379,-0.0028109833431258805
2024-06-26,0.0073610408985447,-0.0037921955430109994
2024-06-27,-0.0014099020825968,0.0008531119499682264
2024-06-28,0.0054704843490753,-0.0009034638407580598
2024-07-01,-0.0007497161563467,-0.0008022687249238124
2024-07-02,0.0067423066077227,-0.0016229899594702225
2024-07-03,0.0006444070008029,0.002225517838753991
2024-07-04,0.0008928929498506,0.0010112765314169885
2024-07-05,-0.0001356211363734,0.002922798372898851
2024-07-08,0.0046318209860134,0.0002632512491985568
2024-07-09,-0.0044509111977667,0.002619290772975511
2024-07-10,-0.0003494426502141,0.0008414294753850702
2024-07-11,0.007657573644356,0.0016447212357053828
2024-07-12,0.0034506697076412,0.0037289999957546773
2024-07-15,0.0010697158254551,0.001680394119103133
2024-07-16,0.0076321297434283,0.00039282034959500236
2024-07-18,-0.0108846762510892,0.0015451149153353338
2024-07-19,-0.0008825762723847,0.0011680600924851984
2024-07-22,-0.0012321559717249,0.0014435427304231704
2024-07-23,-0.0026778318259059,0.002865932921896423
2024-07-24,-0.0003031269840456,-0.0004046133084045909
2024-07-25,0.0175673297602745,-0.0022717566372006844
2024-07-26,5.03324972633834e-05,-0.005059895277172818
2024-07-29,0.0008536433743,-0.002219490460978078
2024-07-30,0.0037755350108565,-0.002825626347807729
2024-07-31,0.0023946791656728,-0.0010187785223202497
2024-08-01,-0.0117229354919546,-0.00066281569077063
2024-08-02,-0.0267864578946228,-0.0030698812428606136
2024-08-05,-0.0026209626510589,0.0025880628851082405
2024-08-06,0.0127101624804444,0.0011857077255829705
2024-08-07,-0.007428747813561,0.0011035324339914198
2024-08-08,0.0103868640378157,-0.0023276007290955
2024-08-09,-0.0008412844977941,-0.00020745960749444636
2024-08-12,-0.0085431469996303,-0.0010575942966605258
2024-08-13,0.0001967769998756,-0.0017990757848677973
2024-08-14,0.0164597624902924,-0.0003397887008085835
2024-08-16,0.0012835584110202,0.0011236321360585688
2024-08-19,0.0051357593399101,-0.0013667966756332616
2024-08-20,0.0028887826964991,-3.8038943087180294e-05
2024-08-21,0.0016673576536574,0.0011454033918881046
2024-08-22,0.0004695560778267,0.000585227376408784
2024-08-23,0.007551387144671,-0.00030309538011930764
2024-08-26,0.000285894410237,0.002005608601551764
2024-08-27,0.0013830024432652,-0.0007322238794777154
2024-08-28,0.0039756594063229,-0.002501241553446525
2024-08-29,0.0033377600735777,-0.00020064015979266584
2024-08-30,0.0016959501132323,0.004724007943236232
2024-09-02,4.550829989491412e-05,2.246601052437755e-05
2024-09-03,-0.0032100820170585,0.0009147242320042764
2024-09-04,-0.0021270784221717,-0.0005412198014401551
2024-09-05,-0.0116503502989019,-0.0011389874393106115
2024-09-06,0.0033900486950126,-0.002527260163355678
2024-09-09,0.0041986500501236,0.00012246835720948989
2024-09-10,-0.0048979634496194,0.0005178079752285692
2024-09-11,0.0188796328272711,-0.003436838965965407
2024-09-12,-0.0012761636040355,0.0006184018508726893
2024-09-13,0.0010746751326089,-6.334098061504224e-05
2024-09-16,0.0013709866056039,-0.0003412109423637759
2024-09-17,-0.0016129951842196,0.0017099482341190841
2024-09-18,0.0015072376499098,0.00069485958654417
2024-09-19,0.0147604413777415,0.0009919375293097061
2024-09-20,0.0057423850996662,0.0009877948315262712
2024-09-23,5.203002169906768e-05,-0.0006756613438404612
2024-09-24,0.0024575565157058,-0.0009316324444910413
2024-09-25,0.008148714241454,9.511354684803189e-05
2024-09-26,-0.0014152231703233,0.0016741835263404032
2024-09-27,-0.0140609008520233,0.00097034145229552
2024-09-30,-0.0005404401234794,-0.0009034345916770725
2024-10-01,-0.0211963752609873,8.896133810620994e-06
2024-10-03,-0.0093266958801446,-0.00038447311437299846
2024-10-04,-0.0087488751686026,0.0011248079432698594
2024-10-07,0.0087676473034692,0.0031490592702764207
2024-10-08,-0.0012473907279866,0.0025270472132999373
2024-10-09,0.0006604768849507,0.0013287588722185539
2024-10-10,-0.0013680536120755,-0.00012383417913986122
2024-10-11,0.0065573457544287,0.0018821287861751294
2024-10-14,-0.0028096049048969,0.004197583945893859
2024-10-15,-0.0034340754096676,0.0005387515998952829
2024-10-16,-0.0088682273228345,-0.0011419185624805817
2024-10-17,0.0042101739412401,-0.0011640689032180376
2024-10-18,-0.0029351823779982,-0.0002945659459209235
2024-10-21,-0.0124691803378693,-0.0006545398349519678
2024-10-22,-0.0014955647434917,-0.0015166644836411732
2024-10-23,-0.0014773427748562,0.00067971852901421
2024-10-24,-0.0089592205494931,-0.0009495708132907142
2024-10-25,0.0065485676346082,0.001315672233846227
2024-10-28,0.0052466588480091,-0.0006585009968364539
2024-10-29,-0.0051498252538292,0.0006997532505910345
2024-10-30,-0.005566773640794,-0.0007277429477316593
2024-10-31,0.0040900049616161,0.0007666366695174084
2024-11-01,-0.0127137736646451,0.0046248322198277885
2024-11-04,0.0090830588186072,0.0026343411095166806
2024-11-05,0.0111818707596305,0.0020274274967152593
2024-11-06,-0.0116280257061476,0.003602320925415918
2024-11-07,-0.0021137093124677,-5.4609654491099505e-05
2024-11-08,-0.0002856708874028,0.0008791446426540082
2024-11-11,-0.0106809307765333,0.003776602512043591
2024-11-12,-0.0135825623229214,0.0020984991552884676
2024-11-13,-0.0011185324376894,0.0027756967927524295
2024-11-14,-0.0033527151631265,0.0028767032931286515
2024-11-18,0.0027585814066317,0.0008985370276539634
2024-11-19,-0.0071688079331164,-0.0005327696354373217
2024-11-21,0.0238694641112378,0.0011641560860462213
2024-11-22,0.0131612958673623,0.0011763695420865747
2024-11-25,-0.0011312238174179,0.004389069362667562
2024-11-26,0.0033230854378061,-0.00023811119607189749
2024-11-27,-0.0148610290544929,0.0019870362377371028
2024-11-28,0.0090720019405352,0.002449800651853024
2024-11-29,0.0060068200049485,0.0032132702128732623
2024-12-02,0.0074600111445999,-0.00011284614971742715
2024-12-03,0.0004210968146538,0.001752704640708409
2024-12-04,0.0098478255628851,-0.000752845942836243
2024-12-05,-0.0012384293961259,0.0014368030411636558
2024-12-06,-0.0023827399277279,-9.217959202775447e-05
2024-12-09,-0.00036350862139,0.001130879083542704
2024-12-10,0.0012901233029631,0.00011869772432963183
2024-12-11,-0.0037781963796591,0.0008394996441157
2024-12-12,0.0089455478085889,-0.0017296544232349815
2024-12-13,-0.0040394689217332,0.0032298992426527343
2024-12-16,-0.0134687300477334,-0.0005945466058140731
2024-12-17,-0.0056356998120069,-0.0007316829241716827
2024-12-18,-0.010213311567061,0.0015352758570168657
2024-12-19,-0.0152055691508056,-0.0004997801565412047
2024-12-20,0.0070354729729729,0.0036184652797210085
2024-12-23,-0.0010861087115143,0.0035318790061133042
2024-12-24,0.0009503186263191,-0.0013079268835089817
2024-12-26,0.002661079652128,-0.0012616051862281651
2024-12-27,-0.0070758479358679,-0.0012037444285509398
2024-12-30,-4.212721278373799e-06,0.0005432330758940928
2024-12-31,0.0041488871182535,-0.0006490881363813525
2025-01-01,0.0187740331916654,-0.00010845953357873609
2025-01-02,-0.0076027553276091,0.0005515217230733678
2025-01-03,-0.0161925959966257,-0.0022485195347417717
2025-01-06,0.0038892874268343,-0.0006178870562794435
2025-01-07,-0.0007993610384197,0.0014952571343117512
2025-01-08,-0.0068575949591475,-0.001513957050332798
2025-01-09,-0.0040379997024632,-0.003381832178152377
2025-01-10,-0.0147472753024774,-0.0007252847567177094
2025-01-13,0.0039028744993869,-0.0003367968967135877
2025-01-14,0.0016028803979861,-0.0010969446864686368
2025-01-15,0.0042476507253836,-0.0003728993959875018
2025-01-16,-0.0046586517926727,-0.0005464930436676072
2025-01-17,0.0061004855371675,-2.830680581382037e-05
2025-01-20,-0.0137118456772935,-0.0003774372261755181
2025-01-21,0.0056764909144164,-0.00024420437155470707
2025-01-22,0.0021593282262408,-0.0013438307655637867
2025-01-23,-0.0048760476583936,-0.0008809537186232969
2025-01-24,-0.0113912419355629,-0.002275441963732349
2025-01-27,0.0056112298172781,-0.003640791862506174
2025-01-28,0.0089666492883511,-0.00048062225918465637
2025-01-29,0.0037300875997627,-0.0033763340015609544
2025-01-30,0.0111357401503258,-0.002116742269668205
2025-01-31,-0.0011166221250199,-0.000125980249297607
2025-02-01,-0.0051570919766934,0.00010244587324322583
2025-02-03,0.0161893068206311,-0.0010862794074000864
2025-02-04,-0.0018092070621439,0.0004472219717635349
2025-02-05,-0.0039226026346081,-0.000978286839745947
2025-02-06,-0.0018387386257991,-0.001867383825387242
2025-02-07,-0.0075700336923079,-0.00042143294600156724
2025-02-10,-0.0132496849360461,-0.0011452864478689064
2025-02-11,-0.0011507892904301,-0.0011384163345752587
2025-02-12,-0.0006009745771905,-0.0007993982649579189
2025-02-13,-0.0044352661537063,0.0002588713557278974
2025-02-14,0.0013192755977626,-0.0029235942149949752
2025-02-17,-0.0006184463402948,-0.0006916525670235746
2025-02-18,-0.0005404326900405,0.000356938870719164
2025-02-19,-0.0008612081186238,-7.922793681368594e-05
2025-02-20,-0.0051171487988824,-0.001030903902498359
2025-02-21,-0.0106401053300685,-0.0011652752917858246
2025-02-24,-0.0002571160481895,-0.0010206929653729375
2025-02-25,-0.0001108767876499,-0.0003978279941150218
2025-02-27,-0.0186449596666951,-0.00028142822846316296
2025-02-28,-0.0002440004922383,0.008082498546991107
2025-03-03,-0.0016569416451024,0.0012927174283114719
2025-03-04,0.0115316950692254,0.0009859962152421835
2025-03-05,0.009284847776867,0.0002896818575975074
2025-03-06,0.0003460139864501,0.00019379233620292436
2025-03-07,-0.0040882039130917,-0.0030680961065219546
2025-03-10,0.001674047455606,-0.0021423903470438265
2025-03-11,-0.0012179087892316,-0.00022296784077782152
2025-03-12,-0.0032620894617386,-0.0008339387666459089
2025-03-13,0.0049805683362682,-0.0017188906101891792
2025-03-17,0.0144632989948354,-0.000655134736499091
2025-03-18,0.0032100316461272,-0.009768778756084947
2025-03-19,0.01235619558909,-0.003656497429359729
2025-03-20,0.0068885519512889,-0.0003152478467638506
2025-03-21,0.0131881772302988,-0.0009342599108978668
2025-03-24,0.0004353972876416,-0.00017310251730185593
2025-03-25,-0.0076810793285454,-0.002656001706986177
2025-03-26,0.0044748278770025,-0.001975571256865356
2025-03-27,-0.0030773044101545,0.0026114228087594587
2025-03-28,-0.0150365718652369,0.0002240177150487127
2025-04-01,0.0071938424586863,-0.0006165645812112628
2025-04-02,-0.0035251486188494,-0.0001572532046623373
2025-04-03,-0.0148666197750665,-0.0007358901747571823
2025-04-04,-0.0324325462830553,0.002379582827293198
2025-04-07,0.0168873189028142,0.004822351303784724
2025-04-08,-0.0060658560080705,0.0032370917911134995
2025-04-09,0.0191703874091904,0.00032505684106851626
2025-04-11,0.0219023977821084,-0.002358179928634041
2025-04-15,0.004657316201027,-0.0005033942780877309
2025-04-16,0.0176834769379541,-0.0018086042953128832
2025-04-17,0.0114834984640164,-0.002018916601194148
2025-04-21,0.0017284255654137,-0.0032859166184335924
2025-04-22,0.0066908406521222,-0.0006275648319702372
2025-04-23,-0.0033807460922566,0.001419900680830003
2025-04-24,-0.0085516633626838,-0.0014055762220688806
2025-04-25,0.0120282118827472,-0.000227491850025782
2025-04-28,0.0003061930965739,-4.446728638524383e-05
2025-04-29,-7.191007773188485e-05,-0.0011981042840826894
2025-04-30,0.0005136803511647,-0.00048301321017803786
2025-05-02,0.0047008906976129,-0.00010628845728126728
2025-05-05,-0.0033338898599493,0.004025940117845052
2025-05-06,0.0014274549954715,0.002125604266109376
2025-05-07,-0.0057588802970967,0.0020085514444742377
2025-05-08,-0.0109501096942064,0.0028489672001592655
2025-05-09,0.0381830730902199,-0.0003259851330587181
2025-05-12,-0.0138958390765435,-7.238011741696345e-05
2025-05-13,0.0036027960647213,0.002297468326031579
2025-05-14,0.0160214381414618,0.0016781899241789238
2025-05-15,-0.0016877607536591,0.0016113923148746668
2025-05-16,-0.0029717088137536,0.0010477926601398725
2025-05-19,-0.0104848313546668,-0.0022473748557511335
2025-05-20,0.0052483127088862,0.0005951447125340789
2025-05-21,-0.0082112727740422,0.002700703271183243
2025-05-22,0.0098924887180058,-0.0018804684888034525
2025-05-23,0.0059549794562796,0.002942471858494937
2025-05-26,-0.0069977248703164,0.0028790912927094477
2025-05-27,-0.0029706520659956,-0.0005030548215042895
2025-05-28,0.0032784792287758,-0.0006856550169503813
2025-05-29,-0.0033382349691143,0.0040733830735126784
2025-05-30,-0.0013777230725331,-0.0006281126855057473
2025-06-02,-0.0070438333802584,-0.00193167705102241
2025-06-03,0.0031659048079861,-0.00253999068945569
2025-06-04,0.0053086967621067,0.0010662596716341372
2025-06-05,0.0101875239545026,0.0010708921354867767
2025-06-06,0.0040054487100871,0.0024006615299845355
2025-06-09,4.18584595869298e-05,0.0031236207197922914
2025-06-10,0.0014798446727146,0.0017696432168259385
2025-06-11,-0.0100710846627866,0.0015388328572255624
2025-06-12,-0.0068144588479197,0.0003682504325333742
2025-06-13,0.0092197937677085,-0.002641197588804709
2025-06-16,-0.0037319707924959,0.0037098085280263078
2025-06-17,-0.0016637405234334,-0.0019022979579786823
2025-06-18,-0.0007577278241026,-0.0031456167661342437
2025-06-19,0.0128724709598377,-0.0009111513039305752
2025-06-20,-0.0055948454872697,0.00352771664207354
2025-06-23,0.0029012296868362,-0.0008964531684766223
2025-06-24,0.0080018205204253,0.003846762550878303
2025-06-25,0.0120520108141297,0.004334588589729162
2025-06-26,0.003475704773181,0.0018490569886525083
2025-06-27,-0.0047098423546652,0.00046152446254724925
2025-06-30,0.0009699396772837,0.00036655899634336026
2025-07-01,-0.0034610085397696,0.0006401428944427347
2025-07-02,-0.0018897125192245,0.0009126107649256798
2025-07-03,0.0021924250859925,-0.0014490173541500963
2025-07-04,1.1813410706551508e-05,0.0004881217157871572
2025-07-07,0.0024036171315751,0.0005872830732187885
2025-07-08,-0.0018180190273288,0.00037572972545292093
2025-07-09,-0.004743646446198,0.0008829863356918205
2025-07-10,-0.008100901810276,-0.0009079925561688999
2025-07-11,-0.0026858541571485,-0.000724544249876141
2025-07-14,0.0045251032187942,0.0006647583365313034
2025-07-15,0.0006449487413033,0.000484855522737803
2025-07-16,-0.0039902173517283,-0.0014858546887986874
2025-07-17,-0.0056965580472427,-0.0013479896063442465
2025-07-18,0.0048981443028652,-0.0012013946201495569
2025-07-21,-0.0011876443882732,0.0015684263837237185
2025-07-22,0.0063445445902445,0.0005855098018663273
2025-07-23,-0.006256994627491,0.0020500506504038756
2025-07-24,-0.0089816740370306,-0.001239081096881138
2025-07-25,-0.0062849623293875,-0.0010261899127577715
2025-07-28,0.0056804742343701,0.0002508318974132967
2025-07-29,0.0013678351245234,0.0012292787995299686
2025-07-30,-0.0034882717656889,-0.0013968478119378346
2025-07-31,-0.0081959437427822,-0.0023974599846539164
2025-08-01,0.0064074150430544,-0.0002652005391725888
2025-08-04,-0.0029608040671041,0.0017968683319261498
2025-08-05,-0.0030569142281212,-0.001724862508277808
2025-08-06,0.0008932609229541,-0.003309401770855208
2025-08-07,-0.0094669127354072,0.0012158421314815782
2025-08-08,0.0091018044718578,-0.0016395521917130043
2025-08-11,-0.0039719417907191,0.0022983104568040508
2025-08-12,0.0053884535167121,-0.0015314773469895528
2025-08-13,0.000485438164071,0.000798697139825819
2025-08-14,0.0099730192766349,-0.0008683833860949183
2025-08-18,0.0041685646806257,0.0005598353779060287
2025-08-19,0.0027981813736617,-0.0005521008807228005
2025-08-20,0.0013252889742787,-0.0010154044328781304
2025-08-21,-0.0085174820600987,0.0004536740110376837
2025-08-22,0.0039264173509054,-0.0022266322877529726
2025-08-25,-0.0102411798720348,0.001016925465247264
2025-08-26,-0.0085444301039235,0.0016529066456653736
2025-08-28,-0.0030223697933294,-0.001549382015966518
2025-08-29,0.0081140701746054,-0.0014618728625152995
2025-09-01,-0.0018457290617897,-0.000414827472434367
2025-09-02,0.005510715147017,-0.002122179247484749
2025-09-03,0.0007788776228048,0.00020457188044500354
2025-09-04,0.0002708473067116,0.00026407567954159775
2025-09-05,0.0012994782193525,0.0011584355498748052
2025-09-08,0.0038529301782352,-0.0004535483345795221
2025-09-09,0.0042020862308871,0.001865104996303467
2025-09-10,0.0012974116602184,0.002535256417630909
2025-09-11,0.0043390454100098,-0.0004878674418162492
2025-09-12,-0.0017838966811339,0.0011780465533338244
2025-09-15,0.0067772563910986,-0.00026340484569031786
2025-09-16,0.0036114755294653,0.00396122878161752
2025-09-17,0.0036853015416349,0.0023962709863981514
2025-09-18,-0.0037976065391384,0.0035133844772272894
2025-09-19,-0.0049236357186648,0.0013026335856464427
2025-09-22,-0.001303434397354,0.0004519248743945273
2025-09-23,-0.0044736530076083,-0.00035638771805928684
2025-09-24,-0.0066269482123226,-0.0004332019949827465
2025-09-25,-0.0094874379272315,-0.0014567072821903958
2025-09-26,-0.0008030448049409,-0.001527496620065242
2025-09-29,-0.0009661407544825,0.0007219407421170528
2025-09-30,0.0091503904924759,0.00044908515615075823
2025-10-01,0.0023332467769816,0.001386437726036895
2025-10-03,0.0073671787912872,0.0008753890189934581
2025-10-06,0.0012222193924698,0.001506776411745036
2025-10-07,-0.0024752925801897,0.0008750463000685501
2025-10-08,0.0054160175719368,0.0014156857573195249
2025-10-09,0.004112050167679,0.004836818175071783
2025-10-10,-0.0022938183927065,0.004117719797559578
2025-10-13,-0.0032444791324643,-0.0003821519817220906
2025-10-14,0.0070808208725219,0.0002962022889610115
2025-10-15,0.0103362282114798,0.0024684338121105987
2025-10-16,0.0048679837376106,0.0028456025810704756
2025-10-17,0.0051848137299641,0.0008897769679289423
2025-10-20,0.0009847568259027,0.0020753920899070468
2025-10-21,0.0008814076368377,0.0010622929552504394
2025-10-23,-0.0037174505259611,0.0032284719659157663
2025-10-24,0.0066252915000297,0.002203980766019576
2025-10-27,-0.001149638146805,0.003642305103949713
2025-10-28,0.0045381040946781,0.0019042389531306382
2025-10-29,-0.00675717564781,0.002404890313009225
2025-10-30,-0.0060186608373972,-0.00022344943817022137
2025-10-31,0.0016036793506921,-0.0007041679441266226
2025-11-03,-0.0064315867797603,0.00013250784347810667
2025-11-04,-0.0034359080045569,-0.00036509879241577027
2025-11-06,-0.0006820322478444,-0.0006254961386865658
2025-11-07,0.0032185728871263,0.0011303856303783865
2025-11-10,0.0047156471705849,0.0017925931123011643
2025-11-11,0.0070384090258497,0.002486200578673978
2025-11-12,0.0001294494962036,0.0020233295071330065
2025-11-13,0.0011940264714482,0.0007192588223264701
2025-11-14,0.0039906690408659,0.0028189417246446253
2025-11-17,-0.0039748069020186,0.002670077605471586
2025-11-18,0.0055036406751542,-0.0017875511012839119
2025-11-19,0.0053545415882216,0.000859068810340791
2025-11-20,-0.0047342428227803,0.00164243762440974
2025-11-21,-0.004167936312968,-0.0007556484428330322
2025-11-24,-0.002877529180069,-0.0006602325718235534
2025-11-25,0.0123817835303625,-0.00046444293433683785
2025-11-26,0.0003911422381892,0.0015512087054976192
2025-11-27,-0.0004806903583736,-0.00041186009037602644
2025-11-28,-0.0010380212747401,-0.00028091294481044605
2025-12-01,-0.0054841133969418,0.0016048507242826145
2025-12-02,-0.0017746951904364,-0.0004542279423590239
2025-12-03,0.0018375278996383,0.00016222210182411208
2025-12-04,0.0058654330916598,0.0012946984708589616
2025-12-05,-0.0086265394598917,0.0025421428492958223
2025-12-08,-0.0046570811090926,-0.0017612210073476493
2025-12-09,-0.0031598875909956,-0.0008839342242906423
2025-12-10,0.0054565875164998,7.950696175327621e-06
2025-12-11,0.0057299900196514,0.001500384511963146
2025-12-12,-0.0007543469807149,0.0015270833346740674
2025-12-15,-0.0064240688375742,-0.0003278096797803546
2025-12-16,-0.0016066770334456,-0.0007474735334348397
2025-12-17,-0.0001161955225689,0.0008615790054726125
2025-12-18,0.0058433620360547,9.400574510552603e-05
2025-12-19,0.0079333291061156,0.0022625353782542348
2025-12-22,0.0001814888939914,0.0015503740275421463
2025-12-23,-0.0013389838361685,0.0011732050409698882
2025-12-24,-0.003817552133005,0.000600435241152004
2025-12-26,-0.0038476313101776,-0.001601188479561313
2025-12-29,-0.0001252789885528,-0.001990386382539399
2025-12-30,0.007353834224439,-0.00038813046266190454
2025-12-31,0.0006487344669803,0.0012722940939139905
2026-01-01,0.0069607651702385,0.0021145325196137623
2026-01-02,-0.002972058760474,0.002362224639433046
2026-01-05,-0.0027276473171363,6.416362315426105e-05
2026-01-06,-0.0014496220164682,0.0010956117787825717
2026-01-07,-0.0100953641584499,-0.0004546716919184361
2026-01-08,-0.0074796132854935,-0.0015872916034199002
2026-01-09,0.0041641539637333,0.00012614999840610935
2026-01-12,-0.0022469428853927,0.0017237979661143942
2026-01-13,-0.0025921184600641,0.00015463425317808533
2026-01-14,0.001120176439965,-0.000171400426988905
2026-01-16,-0.0042363247573811,0.00022426236481537146
2026-01-19,-0.0137968771374411,0.001775161965674446
2026-01-20,-0.0029723570791637,0.0012107457817805809
2026-01-21,0.0052628596094603,-1.559999954154061e-05
2026-01-22,-0.0095393811867061,0.002497541001358357
2026-01-23,0.0050601528634628,-0.0002447576614531338
2026-01-27,0.0066473464881742,0.0010017109595850144
2026-01-28,0.0030048195489833,0.0013797250654556878
2026-01-29,-0.0038652340774046,0.0007455044134246545
2026-01-30,-0.0091723552285208,0.0002356634161414666
2026-02-02,0.0254759323302189,-0.0011328104657773108
2026-02-03,0.0018831648283172,0.0012382961025496487
2026-02-04,-0.0051675674561607,0.001203051306255102
2026-02-05,0.0019849016468285,-0.0016299142591805955
2026-02-06,0.0067565810988132,-0.0017422440216563722
2026-02-09,0.0026229876069705,0.0018813055817385113
2026-02-10,0.0007209990483325,0.000913756040277
2026-02-11,-0.0056504292362096,0.0004827765692975317
2026-02-12,-0.0130234825765521,-7.120168300297494e-05
2026-02-13,0.0083094328030934,-0.00038532643246944477
2026-02-16,0.0016606629206374,0.0008688567231294182
2026-02-17,0.0036520021971839,-0.00020319420329258737
2026-02-18,-0.0141366845223501,6.079213690141788e-05
2026-02-19,0.0045925506806878,0.0004454462340254724
2026-02-20,0.0055433347998239,0.0023669807295957114
2026-02-23,-0.0112141566279703,0.0011126134249308474
2026-02-24,0.0022753354908011,-0.0003947098550151504
2026-02-25,0.0005513894339252,0.0012132100658118635
2026-02-26,-0.0124683685002122,-0.0005972568279337828
2026-02-27,-0.0124292274216383,-0.0009767197045218337
2026-03-02,-0.0154911878954741,-0.0007353889810945354
2026-03-04,0.0116582745705766,0.004568664405537311
2026-03-05,-0.012737318930444,0.0034479511194584057
2026-03-06,-0.0172756923081839,0.0024306356791327843
2026-03-09,0.0097198407915488,0.004214526002010936
2026-03-10,-0.0162705677430874,0.005109606564846266
2026-03-11,-0.0095403969303329,0.003619507322197981
2026-03-12,-0.0206458681122294,0.001905095306190525
2026-03-13,0.0111312713531173,0.0057970543785882175
2026-03-16,0.0073625988356076,0.0030112366522854718
2026-03-17,0.0083393043752089,0.0026170368121014587
2026-03-18,-0.0326207792621695,0.0013963733028702766
2026-03-19,0.0048843089653387,0.006198689894299798
2026-03-20,-0.0260377516007268,0.004425265593221814
2026-03-23,0.0177566831565274,0.0066708656360137146
2026-03-24,0.0171980596274072,-0.0011799063135536265
2026-03-25,-0.0208890511293899,-0.0015178363811138838
2026-03-27,-0.0213938555937428,-0.0013800769243179885
2026-03-30,0.0155834382937352,0.0011245860166813463
2026-04-01,0.0014858954897207,0.0020919245074509547
2026-04-02,0.0112336226676734,0.0005298082428422356
2026-04-06,0.0067658785769486,-0.0007211170807390719
2026-04-07,0.0377837929561599,0.0007630745680649026
2026-04-08,-0.0092614394346771,-0.00741908554338376
2026-04-09,0.0115877537645043,-0.0014345017542140553
2026-04-10,-0.0086463215939506,0.0009546504598142982
2026-04-13,0.0163006370624727,0.0026647275412092193
2026-04-15,-0.0014258739785333,0.0006578329065153653
2026-04-16,0.0064802414063871,-0.00015808608068234122
2026-04-17,0.0004639499277327,0.0012345111874582956
2026-04-20,0.0086907985641135,0.00013072271003972347
2026-04-21,-0.0080767886182383,0.0015502993888965567
2026-04-22,-0.008411190019346,0.0015770949995807934
2026-04-23,-0.0113805065396787,0.003409456504241201
2026-04-24,0.0081492348241831,0.003172540318412639
2026-04-27,-0.0040261159249649,0.0026803782908329105
2026-04-28,0.007582657634449,0.0005892550077072759
2026-04-29,-0.0074490120613553,0.0030658115086328722
2026-04-30,0.0050734344146123,0.0018230974047475255
2026-05-04,-0.0035863394542201,0.0048632408432064175
2026-05-05,0.0124058964335362,0.0017203292322702068
2026-05-06,-0.000176681480297,0.0011176240677875223
2026-05-07,-0.0061866306122441,0.0021326395602508175
2026-05-08,-0.0149031494025498,-0.000470415002837738
2026-05-11,-0.0183196835418901,0.001114550166474134
2026-05-12,0.0014135784059419,0.001982347136810516
2026-05-13,0.0118312363693726,0.0020789618973329816
2026-05-14,-0.0019459851637491,0.0007290987215748532
2026-05-15,0.0002727692071817,-0.000996049618557103
2026-05-18,-0.0013509212410769,0.0010825684041352326
2026-05-19,0.0017359640951817,0.0018485688852916866
2026-05-20,-0.0001817820385476,0.0014061958617999294
2026-05-21,0.0027310244743588,0.00025238161153236086
2026-05-22,0.0131706427765758,-1.0814536957938882e-05
2026-05-25,-0.0049101812953756,0.0027695927332761277
2026-05-26,-0.0002738525756761,-0.0001837391814967782
2026-05-27,-0.0150331756295779,0.00230721446443999
2026-05-29,-0.0070134255130532,0.005897214614318157
2026-06-01,0.0043173630631951,0.0019092664592535078
2026-06-02,-0.0033193946094914,0.0007600749246932566
2026-06-03,0.0004678868329701,0.0004847119498726917
2026-06-04,-0.0021289028843615,-0.001154522910670954
2026-06-05,-0.0104293386271027,0.00012656115446580118
2026-06-08,0.0051506988442242,-0.00022616533506842793
2026-06-09,-0.0011681556778996,0.00013394213911761203
2026-06-10,-0.0022980713363744,0.002103442639301919
2026-06-11,0.0199166201397973,0.0019662134043821992
2026-06-12,0.0097786468291451,0.000594196344300571
2026-06-15,0.0056699322871809,0.001396264474586966
2026-06-16,0.004024687267071,0.0010327568884685658
2026-06-17,0.0034169978003351,0.0038769561701692875
2026-06-18,-0.0064093177186775,0.004025859783977119
2026-06-19,0.003739658049598,0.0027438073884996903
2026-06-22,-0.0115671050675063,0.003026983746358885
2026-06-23,0.0082920565515207,0.00043530867962442496
2026-06-24,0.00142994377224,0.001295124350320172
2026-06-25,-0.0045622713668107,0.001087080263104575
2026-06-29,-0.0033616954637991,0.0016631015541723275
2026-06-30,0.0058703208311072,0.0023129088817225125
2026-07-01,0.0070753425577017,0.0015455282368611748
2026-07-02,0.0039357865004874,0.002110782314047983
2026-07-03,0.0065716694127753,0.0007216538185671952
2026-07-06,-0.0012955357222089,0.0007855130623215792
2026-07-07,-0.0211752451582731,0.0022709837154877214
2026-07-08,0.0033812004144717,0.0030226737157652652
2026-07-09,0.010186605964942,0.0028328801942717604
2026-07-10,0.0001693570555851,0.003721136852594927
2026-07-13,-0.0065651653690471,-0.0003147723789332091
2026-07-14,0.0010996658451518,-0.001514959324979771
2026-07-15,-0.0002388022509708,0.0016396257663868668
2026-07-16,0.010865014643113,0.0011799790527573884
2026-07-17,-0.0039368618852535,0.0019094729558446137
2026-07-20,-0.0020958714957608,0.0016573091732323176
2026-07-21,-0.0079151479856997,0.0006882755398454976
2026-07-22,-0.0052779242850445,-0.0008733678615862176
2026-07-23,-0.0042795183956449,4.317005464136699e-05
2026-07-24,0.0096139891957669,-0.0013594751468104212
2026-07-27,-0.0004417249460887,0.0020098827157828533
2026-07-28,0.0110421408771743,0.0005667075005546107
2026-07-29,0.0027608503860552,0.0013702415019649107
2026-07-30,0.0027326071386892,0.0010877987914981943
2026-07-31,0.0160231129994761,0.0008999971387751615
2026-08-03,-0.0064341025013161,-0.0011151621392541389
2026-08-04,0.0003961015419633,-0.000889352909741658
2026-08-05,0.0004609043862535,-0.0004171541425495594
2026-08-06,-0.0026526063230638,-0.0006804157043367295
2026-08-07,0.0005352072662276,-0.0008658510938810233
2026-08-10,-0.004559976852135,-0.0009430468886599347
2026-08-11,-0.0014608711753293,-0.0012770970649216814
2026-08-12,-0.0016410088683697,-0.0012468082103304257
2026-08-13,-0.0012235527703666,-0.0001517290200048596
2026-08-14,-0.003215530221415,-0.0027756944243227093
2026-08-17,-0.0054657407309864,-0.0010471083265039688
2026-08-18,-0.0031711829954277,-0.002876987245490478
2026-08-19,0.0063770624646639,-0.0016144480107078885
2026-08-20,0.0008315663455258,0.0012380157078446844
2026-08-21,-0.0013586186190829,-0.0013228967094743396
2026-08-24,0.0047689730304962,-0.001759381348287739
2026-08-25,-0.0052107303064621,0.00185315649717155
2026-08-26,-0.0048290481612293,1.644748697016054e-05
2026-08-27,0.0035200411203846,-0.0010547205356699284
2026-08-28,-0.0039399146852709,0.0010433769679667102
2026-08-31,-0.0010215614763854,0.002562776458098072
2026-09-01,-0.0058759865774318,-0.0008294574124348144
2026-09-02,-0.0017144446700387,-0.00118932680592923
2026-09-03,0.0010157727849795,-0.000805174899572753
2026-09-04,-0.0049606795633274,-0.0013752793579653864
2026-09-07,-0.0060578607260414,-0.001464868788186565
2026-09-08,-0.0086142903029797,-0.002293916661856721
2026-09-09,0.0019760058574995,-0.0007234051509012286
2026-09-10,-0.0018187892585366,-0.0007273372062998119
