symbol,date,status,old_open,old_high,old_low,old_close,old_volume,new_open,new_high,new_low,new_close,new_volume
ADANIENT,2025-03-18,REPAIRED_FROM_NSE,2252.699951171875,2252.699951171875,2252.699951171875,2252.699951171875,0.0,2274.0,2314.2,2259.75,2308.5,878007.0
ADANIPORTS,2025-03-18,REPAIRED_FROM_NSE,1137.1500244140625,1137.1500244140625,1137.1500244140625,1137.1500244140625,0.0,1149.9,1161.0,1137.95,1158.8,1865040.0
APOLLOHOSP,2025-03-18,REPAIRED_FROM_NSE,6156.64990234375,6156.64990234375,6156.64990234375,6156.64990234375,0.0,6209.9,6260.95,6162.5,6246.8,308477.0
ASIANPAINT,2025-03-18,REPAIRED_FROM_NSE,2219.550048828125,2219.550048828125,2219.550048828125,2219.550048828125,0.0,2230.65,2290.0,2222.75,2273.95,816364.0
AXISBANK,2025-03-18,REPAIRED_FROM_NSE,1034.1500244140625,1034.1500244140625,1034.1500244140625,1034.1500244140625,0.0,1044.15,1054.25,1033.7,1045.25,7365940.0
BAJAJ-AUTO,2024-01-15,REPAIRED_FROM_NSE,7301.9501953125,7301.9501953125,7301.9501953125,7301.9501953125,0.0,7364.0,7419.0,7304.05,7332.1,440410.0
BAJAJ-AUTO,2025-03-18,REPAIRED_FROM_NSE,7486.0498046875,7486.0498046875,7486.0498046875,7486.0498046875,0.0,7523.4,7642.1,7512.85,7613.4,354990.0
BAJAJFINSV,2025-03-18,REPAIRED_FROM_NSE,1871.5999755859373,1871.5999755859373,1871.5999755859373,1871.5999755859373,0.0,1900.0,1907.85,1833.25,1844.65,4342446.0
BAJFINANCE,2025-03-18,REPAIRED_FROM_NSE,858.0349731445312,858.0349731445312,858.0349731445312,858.0349731445312,0.0,8615.0,8699.0,8494.8,8682.5,1103110.0
BEL,2025-03-18,REPAIRED_FROM_NSE,279.92999267578125,279.92999267578125,279.92999267578125,279.92999267578125,0.0,282.0,286.0,280.31,285.31,15290505.0
BHARTIARTL,2025-03-18,REPAIRED_FROM_NSE,1639.1500244140625,1639.1500244140625,1639.1500244140625,1639.1500244140625,0.0,1649.5,1655.0,1622.1,1627.3,6539954.0
BPCL,2025-03-18,REPAIRED_FROM_NSE,261.4200134277344,261.4200134277344,261.4200134277344,261.4200134277344,0.0,262.15,263.3,259.51,262.18,5548862.0
BRITANNIA,2021-11-04,REPAIRED_FROM_NSE,3629.85009765625,3629.85009765625,3629.85009765625,3629.85009765625,0.0,3658.0,3666.5,3639.35,3652.6,23648.0
BRITANNIA,2022-09-12,REPAIRED_FROM_NSE,3649.5,3649.5,3649.5,3649.5,0.0,3640.2,3697.95,3640.2,3671.85,212688.0
BRITANNIA,2022-10-24,REPAIRED_FROM_NSE,3792.699951171875,3792.699951171875,3792.699951171875,3792.699951171875,0.0,3799.0,3835.6,3712.0,3801.85,32851.0
BRITANNIA,2025-03-18,REPAIRED_FROM_NSE,4674.89990234375,4674.89990234375,4674.89990234375,4674.89990234375,0.0,4695.65,4782.9,4682.7,4768.3,242447.0
CIPLA,2025-03-18,REPAIRED_FROM_NSE,1492.5999755859375,1492.5999755859375,1492.5999755859375,1492.5999755859375,0.0,1499.1,1512.0,1496.8,1508.65,1571087.0
COALINDIA,2025-03-18,REPAIRED_FROM_NSE,385.75,385.75,385.75,385.75,0.0,387.45,393.15,386.45,389.3,6211943.0
DIVISLAB,2025-03-18,REPAIRED_FROM_NSE,5670.85009765625,5670.85009765625,5670.85009765625,5670.85009765625,0.0,5680.0,5809.0,5627.0,5772.95,397067.0
DRREDDY,2025-03-18,REPAIRED_FROM_NSE,1150.699951171875,1150.699951171875,1150.699951171875,1150.699951171875,0.0,1157.8,1169.4,1149.0,1163.7,1734982.0
EICHERMOT,2025-03-18,REPAIRED_FROM_NSE,5050.25,5050.25,5050.25,5050.25,0.0,5066.2,5145.0,5065.7,5127.4,328246.0
GAIL,2025-03-18,REPAIRED_FROM_NSE,156.5800018310547,156.5800018310547,156.5800018310547,156.5800018310547,0.0,157.6,164.25,157.1,163.0,12630804.0
GRASIM,2025-03-18,REPAIRED_FROM_NSE,2399.35009765625,2399.35009765625,2399.35009765625,2399.35009765625,0.0,2402.35,2428.0,2397.0,2421.65,423611.0
HCLTECH,2025-03-18,REPAIRED_FROM_NSE,1545.1500244140625,1545.1500244140625,1545.1500244140625,1545.1500244140625,0.0,1545.15,1560.95,1530.65,1558.2,2930865.0
HDFCBANK,2025-03-18,REPAIRED_FROM_NSE,855.2000122070312,855.2000122070312,855.2000122070312,855.2000122070312,0.0,1728.0,1737.4,1715.05,1732.2,10953589.0
HDFCLIFE,2025-03-18,REPAIRED_FROM_NSE,629.7999877929688,629.7999877929688,629.7999877929688,629.7999877929688,0.0,631.15,641.65,629.15,640.55,2094678.0
HEROMOTOCO,2025-03-18,REPAIRED_FROM_NSE,3493.10009765625,3493.10009765625,3493.10009765625,3493.10009765625,0.0,3500.0,3571.7,3500.0,3564.65,533589.0
HINDALCO,2025-03-18,REPAIRED_FROM_NSE,680.75,680.75,680.75,680.75,0.0,689.25,701.0,685.95,697.85,5954283.0
HINDUNILVR,2025-03-18,REPAIRED_FROM_NSE,2171.25,2171.25,2171.25,2171.25,0.0,2189.65,2215.0,2175.0,2201.4,1475585.0
ICICIBANK,2025-03-18,REPAIRED_FROM_NSE,1269.0,1269.0,1269.0,1269.0,0.0,1285.5,1313.85,1280.65,1309.85,15645427.0
INDIGO,2025-03-18,REPAIRED_FROM_NSE,4780.4501953125,4780.4501953125,4780.4501953125,4780.4501953125,0.0,4792.45,4824.8,4717.25,4806.25,779629.0
INDUSINDBK,2025-03-18,REPAIRED_FROM_NSE,677.4000244140625,677.4000244140625,677.4000244140625,677.4000244140625,0.0,685.95,686.8,670.6,681.45,12117539.0
INFY,2025-03-18,REPAIRED_FROM_NSE,1590.050048828125,1590.050048828125,1590.050048828125,1590.050048828125,0.0,1597.65,1612.9,1582.35,1609.35,6298054.0
IOC,2025-03-18,REPAIRED_FROM_NSE,124.11000061035156,124.11000061035156,124.11000061035156,124.11000061035156,0.0,124.5,125.5,123.68,125.15,8940367.0
JIOFIN,2024-01-15,REPAIRED_FROM_NSE,255.0500030517578,255.0500030517578,255.0500030517578,255.0500030517578,0.0,258.0,269.7,257.05,266.75,68617372.0
JIOFIN,2025-03-18,REPAIRED_FROM_NSE,219.5200042724609,219.5200042724609,219.5200042724609,219.5200042724609,0.0,221.1,225.5,220.71,225.18,28081319.0
JSWSTEEL,2021-11-04,REPAIRED_FROM_NSE,680.25,680.25,680.25,680.25,0.0,680.95,685.0,677.15,678.65,352700.0
JSWSTEEL,2022-09-12,REPAIRED_FROM_NSE,686.9500122070312,686.9500122070312,686.9500122070312,686.9500122070312,0.0,687.3,694.4,681.45,686.55,2582240.0
JSWSTEEL,2022-10-24,REPAIRED_FROM_NSE,622.0499877929688,622.0499877929688,622.0499877929688,622.0499877929688,0.0,622.0,633.95,620.55,629.6,834558.0
JSWSTEEL,2025-03-18,REPAIRED_FROM_NSE,1005.7000122070312,1005.7000122070312,1005.7000122070312,1005.7000122070312,0.0,1014.9,1020.65,1002.55,1018.05,1069485.0
KOTAKBANK,2025-03-18,REPAIRED_FROM_NSE,398.6199951171875,398.6199951171875,398.6199951171875,398.6199951171875,0.0,2000.0,2039.0,1988.6,2034.0,5384288.0
LT,2025-03-18,REPAIRED_FROM_NSE,3173.449951171875,3173.449951171875,3173.449951171875,3173.449951171875,0.0,3194.0,3278.65,3189.3,3270.7,2029984.0
M&M,2025-03-18,REPAIRED_FROM_NSE,2705.14990234375,2705.14990234375,2705.14990234375,2705.14990234375,0.0,2732.3,2798.0,2715.05,2791.4,3522624.0
M&M,2025-09-08,REPAIRED_FROM_NSE,3561.300048828125,3561.300048828125,3561.300048828125,3561.300048828125,0.0,3585.0,3715.2,3579.1,3701.4,4623789.0
MARUTI,2025-03-18,REPAIRED_FROM_NSE,11553.7001953125,11553.7001953125,11553.7001953125,11553.7001953125,0.0,11560.05,11755.45,11501.0,11714.55,373219.0
MAXHEALTH,2025-03-18,REPAIRED_FROM_NSE,997.9000244140624,997.9000244140624,997.9000244140624,997.9000244140624,0.0,1001.95,1020.85,990.1,1016.95,1188427.0
NESTLEIND,2025-03-18,REPAIRED_FROM_NSE,1087.175048828125,1087.175048828125,1087.175048828125,1087.175048828125,0.0,2178.0,2206.1,2170.0,2202.05,423776.0
NTPC,2025-03-18,REPAIRED_FROM_NSE,331.6499938964844,331.6499938964844,331.6499938964844,331.6499938964844,0.0,333.3,337.9,331.35,337.35,8580255.0
ONGC,2025-03-18,REPAIRED_FROM_NSE,229.7400054931641,229.7400054931641,229.7400054931641,229.7400054931641,0.0,230.84,232.5,228.52,232.12,9647391.0
POWERGRID,2025-03-18,REPAIRED_FROM_NSE,267.3500061035156,267.3500061035156,267.3500061035156,267.3500061035156,0.0,269.15,272.4,267.3,270.8,8899126.0
RELIANCE,2025-03-18,REPAIRED_FROM_NSE,1238.8499755859375,1238.8499755859375,1238.8499755859375,1238.8499755859375,0.0,1244.7,1248.35,1235.0,1238.8,15745877.0
SBILIFE,2025-03-18,REPAIRED_FROM_NSE,1434.25,1434.25,1434.25,1434.25,0.0,1452.7,1458.8,1431.05,1457.5,656130.0
SBIN,2025-03-18,REPAIRED_FROM_NSE,723.1500244140625,723.1500244140625,723.1500244140625,723.1500244140625,0.0,726.6,738.45,722.6,736.7,8087710.0
SHREECEM,2025-03-18,REPAIRED_FROM_NSE,27734.599609375,27734.599609375,27734.599609375,27734.599609375,0.0,27899.95,28008.6,27591.05,27824.7,42216.0
SHRIRAMFIN,2024-01-15,REPAIRED_FROM_NSE,458.55999755859375,458.55999755859375,458.55999755859375,458.55999755859375,0.0,2303.1,2325.0,2280.0,2319.55,556738.0
SHRIRAMFIN,2025-03-18,REPAIRED_FROM_NSE,623.25,623.25,623.25,623.25,0.0,630.0,645.7,626.05,642.3,6915463.0
SUNPHARMA,2025-03-18,REPAIRED_FROM_NSE,1704.300048828125,1704.300048828125,1704.300048828125,1704.300048828125,0.0,1714.35,1752.0,1700.0,1747.8,2730980.0
TATACONSUM,2025-03-18,REPAIRED_FROM_NSE,940.4500122070312,940.4500122070312,940.4500122070312,940.4500122070312,0.0,941.05,950.6,938.15,946.85,2343994.0
TATASTEEL,2025-03-18,REPAIRED_FROM_NSE,151.80999755859375,151.80999755859375,151.80999755859375,151.80999755859375,0.0,153.0,154.83,152.22,154.66,38125586.0
TCS,2025-03-18,REPAIRED_FROM_NSE,3497.699951171875,3497.699951171875,3497.699951171875,3497.699951171875,0.0,3502.35,3556.95,3478.45,3552.45,3069109.0
TECHM,2025-03-18,REPAIRED_FROM_NSE,1440.0999755859375,1440.0999755859375,1440.0999755859375,1440.0999755859375,0.0,1446.25,1453.0,1426.55,1430.65,3280540.0
TITAN,2025-03-18,REPAIRED_FROM_NSE,3017.35009765625,3017.35009765625,3017.35009765625,3017.35009765625,0.0,3030.75,3088.0,3015.4,3081.7,865951.0
TMPV,2025-03-18,REPAIRED_FROM_NSE,661.0499877929688,661.0499877929688,661.0499877929688,661.0499877929688,0.0,665.0,681.7,663.9,680.05,11236084.0
TRENT,2025-03-18,REPAIRED_FROM_NSE,5159.5498046875,5159.5498046875,5159.5498046875,5159.5498046875,0.0,5185.3,5285.4,5171.45,5260.25,994888.0
ULTRACEMCO,2025-03-18,REPAIRED_FROM_NSE,10547.099609375,10547.099609375,10547.099609375,10547.099609375,0.0,10570.0,10745.0,10551.0,10698.1,354620.0
UPL,2025-03-18,REPAIRED_FROM_NSE,626.1500244140625,626.1500244140625,626.1500244140625,626.1500244140625,0.0,630.0,636.75,623.15,635.2,2132031.0
WIPRO,2025-03-18,REPAIRED_FROM_NSE,259.8500061035156,259.8500061035156,259.8500061035156,259.8500061035156,0.0,261.75,263.05,259.4,261.25,11450247.0
ZOMATO,2024-01-15,REPAIRED_FROM_NSE,139.5500030517578,139.5500030517578,139.5500030517578,139.5500030517578,0.0,139.55,139.85,132.85,133.4,53570266.0
ZOMATO,2025-03-18,REPAIRED_FROM_NSE,203.69000244140625,203.69000244140625,203.69000244140625,203.69000244140625,0.0,204.28,219.1,204.28,218.19,79201906.0
ZOMATO,2025-04-11,REPAIRED_FROM_NSE,211.38999938964844,211.38999938964844,211.38999938964844,211.38999938964844,0.0,216.0,218.31,214.1,217.2,28917549.0
ZOMATO,2025-04-15,REPAIRED_FROM_NSE,211.38999938964844,211.38999938964844,211.38999938964844,211.38999938964844,0.0,224.25,224.25,220.1,222.23,45034496.0
