symbol,date,status,old_open,old_high,old_low,old_close,old_volume
ADANIENT,2026-01-15,REMOVED_NSE_HOLIDAY_PLACEHOLDER,2153.300048828125,2153.300048828125,2153.300048828125,2153.300048828125,0.0
ADANIENT,2026-05-01,REMOVED_NSE_HOLIDAY_PLACEHOLDER,2408.39990234375,2408.39990234375,2408.39990234375,2408.39990234375,0.0
ADANIENT,2026-05-28,REMOVED_NSE_HOLIDAY_PLACEHOLDER,2973.10009765625,2973.10009765625,2973.10009765625,2973.10009765625,0.0
ADANIENT,2026-06-26,REMOVED_NSE_HOLIDAY_PLACEHOLDER,3038.0,3038.0,3038.0,3038.0,0.0
ADANIPORTS,2026-01-15,REMOVED_NSE_HOLIDAY_PLACEHOLDER,1430.0,1430.0,1430.0,1430.0,0.0
ADANIPORTS,2026-05-01,REMOVED_NSE_HOLIDAY_PLACEHOLDER,1657.300048828125,1657.300048828125,1657.300048828125,1657.300048828125,0.0
ADANIPORTS,2026-05-28,REMOVED_NSE_HOLIDAY_PLACEHOLDER,1824.5,1824.5,1824.5,1824.5,0.0
ADANIPORTS,2026-06-26,REMOVED_NSE_HOLIDAY_PLACEHOLDER,1796.0,1796.0,1796.0,1796.0,0.0
APOLLOHOSP,2026-01-15,REMOVED_NSE_HOLIDAY_PLACEHOLDER,7272.5,7272.5,7272.5,7272.5,0.0
APOLLOHOSP,2026-05-01,REMOVED_NSE_HOLIDAY_PLACEHOLDER,7636.5,7636.5,7636.5,7636.5,0.0
APOLLOHOSP,2026-05-28,REMOVED_NSE_HOLIDAY_PLACEHOLDER,8272.5,8272.5,8272.5,8272.5,0.0
APOLLOHOSP,2026-06-26,REMOVED_NSE_HOLIDAY_PLACEHOLDER,8592.0,8592.0,8592.0,8592.0,0.0
ASIANPAINT,2026-01-15,REMOVED_NSE_HOLIDAY_PLACEHOLDER,2813.89990234375,2813.89990234375,2813.89990234375,2813.89990234375,0.0
ASIANPAINT,2026-05-01,REMOVED_NSE_HOLIDAY_PLACEHOLDER,2444.5,2444.5,2444.5,2444.5,0.0
ASIANPAINT,2026-05-28,REMOVED_NSE_HOLIDAY_PLACEHOLDER,2671.89990234375,2671.89990234375,2671.89990234375,2671.89990234375,0.0
ASIANPAINT,2026-06-26,REMOVED_NSE_HOLIDAY_PLACEHOLDER,2645.199951171875,2645.199951171875,2645.199951171875,2645.199951171875,0.0
AXISBANK,2026-01-15,REMOVED_NSE_HOLIDAY_PLACEHOLDER,1298.800048828125,1298.800048828125,1298.800048828125,1298.800048828125,0.0
AXISBANK,2026-05-01,REMOVED_NSE_HOLIDAY_PLACEHOLDER,1268.300048828125,1268.300048828125,1268.300048828125,1268.300048828125,0.0
AXISBANK,2026-05-28,REMOVED_NSE_HOLIDAY_PLACEHOLDER,1304.0999755859375,1304.0999755859375,1304.0999755859375,1304.0999755859375,0.0
AXISBANK,2026-06-26,REMOVED_NSE_HOLIDAY_PLACEHOLDER,1377.199951171875,1377.199951171875,1377.199951171875,1377.199951171875,0.0
BAJAJ-AUTO,2026-01-15,REMOVED_NSE_HOLIDAY_PLACEHOLDER,9579.5,9579.5,9579.5,9579.5,0.0
BAJAJ-AUTO,2026-05-01,REMOVED_NSE_HOLIDAY_PLACEHOLDER,9994.0,9994.0,9994.0,9994.0,0.0
BAJAJ-AUTO,2026-05-28,REMOVED_NSE_HOLIDAY_PLACEHOLDER,10808.5,10808.5,10808.5,10808.5,0.0
BAJAJ-AUTO,2026-06-26,REMOVED_NSE_HOLIDAY_PLACEHOLDER,9843.0,9843.0,9843.0,9843.0,0.0
BAJAJFINSV,2026-01-15,REMOVED_NSE_HOLIDAY_PLACEHOLDER,2000.9000244140625,2000.9000244140625,2000.9000244140625,2000.9000244140625,0.0
BAJAJFINSV,2026-05-01,REMOVED_NSE_HOLIDAY_PLACEHOLDER,1747.199951171875,1747.199951171875,1747.199951171875,1747.199951171875,0.0
BAJAJFINSV,2026-05-28,REMOVED_NSE_HOLIDAY_PLACEHOLDER,1809.0999755859373,1809.0999755859373,1809.0999755859373,1809.0999755859373,0.0
BAJAJFINSV,2026-06-26,REMOVED_NSE_HOLIDAY_PLACEHOLDER,1764.5999755859375,1764.5999755859375,1764.5999755859375,1764.5999755859375,0.0
BAJFINANCE,2026-01-15,REMOVED_NSE_HOLIDAY_PLACEHOLDER,945.9500122070312,945.9500122070312,945.9500122070312,945.9500122070312,0.0
BAJFINANCE,2026-05-01,REMOVED_NSE_HOLIDAY_PLACEHOLDER,937.0,937.0,937.0,937.0,0.0
BAJFINANCE,2026-05-28,REMOVED_NSE_HOLIDAY_PLACEHOLDER,931.1500244140624,931.1500244140624,931.1500244140624,931.1500244140624,0.0
BAJFINANCE,2026-06-26,REMOVED_NSE_HOLIDAY_PLACEHOLDER,980.4000244140624,980.4000244140624,980.4000244140624,980.4000244140624,0.0
BEL,2026-01-15,REMOVED_NSE_HOLIDAY_PLACEHOLDER,417.6000061035156,417.6000061035156,417.6000061035156,417.6000061035156,0.0
BEL,2026-05-01,REMOVED_NSE_HOLIDAY_PLACEHOLDER,431.2999877929688,431.2999877929688,431.2999877929688,431.2999877929688,0.0
BEL,2026-05-28,REMOVED_NSE_HOLIDAY_PLACEHOLDER,419.1000061035156,419.1000061035156,419.1000061035156,419.1000061035156,0.0
BEL,2026-06-26,REMOVED_NSE_HOLIDAY_PLACEHOLDER,407.2000122070313,407.2000122070313,407.2000122070313,407.2000122070313,0.0
BHARTIARTL,2026-01-15,REMOVED_NSE_HOLIDAY_PLACEHOLDER,2022.5,2022.5,2022.5,2022.5,0.0
BHARTIARTL,2026-05-01,REMOVED_NSE_HOLIDAY_PLACEHOLDER,1886.800048828125,1886.800048828125,1886.800048828125,1886.800048828125,0.0
BHARTIARTL,2026-05-28,REMOVED_NSE_HOLIDAY_PLACEHOLDER,1852.199951171875,1852.199951171875,1852.199951171875,1852.199951171875,0.0
BHARTIARTL,2026-06-26,REMOVED_NSE_HOLIDAY_PLACEHOLDER,1850.699951171875,1850.699951171875,1850.699951171875,1850.699951171875,0.0
BPCL,2026-01-15,REMOVED_NSE_HOLIDAY_PLACEHOLDER,356.8999938964844,356.8999938964844,356.8999938964844,356.8999938964844,0.0
BPCL,2026-05-01,REMOVED_NSE_HOLIDAY_PLACEHOLDER,300.45001220703125,300.45001220703125,300.45001220703125,300.45001220703125,0.0
BPCL,2026-05-28,REMOVED_NSE_HOLIDAY_PLACEHOLDER,307.1499938964844,307.1499938964844,307.1499938964844,307.1499938964844,0.0
BPCL,2026-06-26,REMOVED_NSE_HOLIDAY_PLACEHOLDER,309.75,309.75,309.75,309.75,0.0
BRITANNIA,2026-01-15,REMOVED_NSE_HOLIDAY_PLACEHOLDER,5906.5,5906.5,5906.5,5906.5,0.0
BRITANNIA,2026-05-01,REMOVED_NSE_HOLIDAY_PLACEHOLDER,5726.0,5726.0,5726.0,5726.0,0.0
BRITANNIA,2026-05-28,REMOVED_NSE_HOLIDAY_PLACEHOLDER,5335.5,5335.5,5335.5,5335.5,0.0
BRITANNIA,2026-06-26,REMOVED_NSE_HOLIDAY_PLACEHOLDER,5237.0,5237.0,5237.0,5237.0,0.0
CIPLA,2026-01-15,REMOVED_NSE_HOLIDAY_PLACEHOLDER,1434.5,1434.5,1434.5,1434.5,0.0
CIPLA,2026-05-01,REMOVED_NSE_HOLIDAY_PLACEHOLDER,1309.5999755859375,1309.5999755859375,1309.5999755859375,1309.5999755859375,0.0
CIPLA,2026-05-28,REMOVED_NSE_HOLIDAY_PLACEHOLDER,1418.199951171875,1418.199951171875,1418.199951171875,1418.199951171875,0.0
CIPLA,2026-06-26,REMOVED_NSE_HOLIDAY_PLACEHOLDER,1440.0999755859375,1440.0999755859375,1440.0999755859375,1440.0999755859375,0.0
COALINDIA,2026-01-15,REMOVED_NSE_HOLIDAY_PLACEHOLDER,432.2000122070313,432.2000122070313,432.2000122070313,432.2000122070313,0.0
COALINDIA,2026-05-01,REMOVED_NSE_HOLIDAY_PLACEHOLDER,481.4500122070313,481.4500122070313,481.4500122070313,481.4500122070313,0.0
COALINDIA,2026-05-28,REMOVED_NSE_HOLIDAY_PLACEHOLDER,463.0499877929688,463.0499877929688,463.0499877929688,463.0499877929688,0.0
COALINDIA,2026-06-26,REMOVED_NSE_HOLIDAY_PLACEHOLDER,435.3999938964844,435.3999938964844,435.3999938964844,435.3999938964844,0.0
DIVISLAB,2026-01-15,REMOVED_NSE_HOLIDAY_PLACEHOLDER,6355.5,6355.5,6355.5,6355.5,0.0
DIVISLAB,2026-05-28,REMOVED_NSE_HOLIDAY_PLACEHOLDER,6797.5,6797.5,6797.5,6797.5,0.0
DIVISLAB,2026-06-26,REMOVED_NSE_HOLIDAY_PLACEHOLDER,6713.5,6713.5,6713.5,6713.5,0.0
DRREDDY,2026-01-15,REMOVED_NSE_HOLIDAY_PLACEHOLDER,1186.5,1186.5,1186.5,1186.5,0.0
DRREDDY,2026-05-01,REMOVED_NSE_HOLIDAY_PLACEHOLDER,1322.9000244140625,1322.9000244140625,1322.9000244140625,1322.9000244140625,0.0
DRREDDY,2026-05-28,REMOVED_NSE_HOLIDAY_PLACEHOLDER,1319.0,1319.0,1319.0,1319.0,0.0
DRREDDY,2026-06-26,REMOVED_NSE_HOLIDAY_PLACEHOLDER,1350.5,1350.5,1350.5,1350.5,0.0
EICHERMOT,2026-01-15,REMOVED_NSE_HOLIDAY_PLACEHOLDER,7358.0,7358.0,7358.0,7358.0,0.0
EICHERMOT,2026-05-01,REMOVED_NSE_HOLIDAY_PLACEHOLDER,7109.0,7109.0,7109.0,7109.0,0.0
EICHERMOT,2026-05-28,REMOVED_NSE_HOLIDAY_PLACEHOLDER,7419.0,7419.0,7419.0,7419.0,0.0
EICHERMOT,2026-06-26,REMOVED_NSE_HOLIDAY_PLACEHOLDER,7598.0,7598.0,7598.0,7598.0,0.0
GAIL,2026-01-15,REMOVED_NSE_HOLIDAY_PLACEHOLDER,165.1699981689453,165.1699981689453,165.1699981689453,165.1699981689453,0.0
GAIL,2026-05-01,REMOVED_NSE_HOLIDAY_PLACEHOLDER,163.22999572753906,163.22999572753906,163.22999572753906,163.22999572753906,0.0
GAIL,2026-05-28,REMOVED_NSE_HOLIDAY_PLACEHOLDER,169.0,169.0,169.0,169.0,0.0
GAIL,2026-06-26,REMOVED_NSE_HOLIDAY_PLACEHOLDER,172.85000610351562,172.85000610351562,172.85000610351562,172.85000610351562,0.0
GRASIM,2026-01-15,REMOVED_NSE_HOLIDAY_PLACEHOLDER,2795.800048828125,2795.800048828125,2795.800048828125,2795.800048828125,0.0
GRASIM,2026-05-01,REMOVED_NSE_HOLIDAY_PLACEHOLDER,2794.5,2794.5,2794.5,2794.5,0.0
GRASIM,2026-05-28,REMOVED_NSE_HOLIDAY_PLACEHOLDER,3170.0,3170.0,3170.0,3170.0,0.0
GRASIM,2026-06-26,REMOVED_NSE_HOLIDAY_PLACEHOLDER,3126.60009765625,3126.60009765625,3126.60009765625,3126.60009765625,0.0
HCLTECH,2026-01-15,REMOVED_NSE_HOLIDAY_PLACEHOLDER,1668.5,1668.5,1668.5,1668.5,0.0
HCLTECH,2026-05-01,REMOVED_NSE_HOLIDAY_PLACEHOLDER,1199.0999755859375,1199.0999755859375,1199.0999755859375,1199.0999755859375,0.0
HCLTECH,2026-05-28,REMOVED_NSE_HOLIDAY_PLACEHOLDER,1165.199951171875,1165.199951171875,1165.199951171875,1165.199951171875,0.0
HCLTECH,2026-06-26,REMOVED_NSE_HOLIDAY_PLACEHOLDER,1100.699951171875,1100.699951171875,1100.699951171875,1100.699951171875,0.0
HDFCBANK,2026-01-15,REMOVED_NSE_HOLIDAY_PLACEHOLDER,925.4500122070312,925.4500122070312,925.4500122070312,925.4500122070312,0.0
HDFCBANK,2026-05-01,REMOVED_NSE_HOLIDAY_PLACEHOLDER,771.7000122070312,771.7000122070312,771.7000122070312,771.7000122070312,0.0
HDFCBANK,2026-05-28,REMOVED_NSE_HOLIDAY_PLACEHOLDER,758.6500244140625,758.6500244140625,758.6500244140625,758.6500244140625,0.0
HDFCBANK,2026-06-26,REMOVED_NSE_HOLIDAY_PLACEHOLDER,796.2999877929688,796.2999877929688,796.2999877929688,796.2999877929688,0.0
HDFCLIFE,2026-01-15,REMOVED_NSE_HOLIDAY_PLACEHOLDER,743.2000122070312,743.2000122070312,743.2000122070312,743.2000122070312,0.0
HDFCLIFE,2026-05-01,REMOVED_NSE_HOLIDAY_PLACEHOLDER,586.9000244140625,586.9000244140625,586.9000244140625,586.9000244140625,0.0
HDFCLIFE,2026-05-28,REMOVED_NSE_HOLIDAY_PLACEHOLDER,609.5999755859375,609.5999755859375,609.5999755859375,609.5999755859375,0.0
HDFCLIFE,2026-06-26,REMOVED_NSE_HOLIDAY_PLACEHOLDER,585.4500122070312,585.4500122070312,585.4500122070312,585.4500122070312,0.0
HEROMOTOCO,2026-01-15,REMOVED_NSE_HOLIDAY_PLACEHOLDER,5676.5,5676.5,5676.5,5676.5,0.0
HEROMOTOCO,2026-05-01,REMOVED_NSE_HOLIDAY_PLACEHOLDER,5099.0,5099.0,5099.0,5099.0,0.0
HEROMOTOCO,2026-05-28,REMOVED_NSE_HOLIDAY_PLACEHOLDER,5075.0,5075.0,5075.0,5075.0,0.0
HEROMOTOCO,2026-06-26,REMOVED_NSE_HOLIDAY_PLACEHOLDER,4896.10009765625,4896.10009765625,4896.10009765625,4896.10009765625,0.0
HINDALCO,2026-01-15,REMOVED_NSE_HOLIDAY_PLACEHOLDER,955.3499755859376,955.3499755859376,955.3499755859376,955.3499755859376,0.0
HINDALCO,2026-05-01,REMOVED_NSE_HOLIDAY_PLACEHOLDER,1038.0,1038.0,1038.0,1038.0,0.0
HINDALCO,2026-05-28,REMOVED_NSE_HOLIDAY_PLACEHOLDER,1149.699951171875,1149.699951171875,1149.699951171875,1149.699951171875,0.0
HINDALCO,2026-06-26,REMOVED_NSE_HOLIDAY_PLACEHOLDER,953.2000122070312,953.2000122070312,953.2000122070312,953.2000122070312,0.0
HINDUNILVR,2026-01-15,REMOVED_NSE_HOLIDAY_PLACEHOLDER,2353.5,2353.5,2353.5,2353.5,0.0
HINDUNILVR,2026-05-01,REMOVED_NSE_HOLIDAY_PLACEHOLDER,2250.89990234375,2250.89990234375,2250.89990234375,2250.89990234375,0.0
HINDUNILVR,2026-05-28,REMOVED_NSE_HOLIDAY_PLACEHOLDER,2198.39990234375,2198.39990234375,2198.39990234375,2198.39990234375,0.0
HINDUNILVR,2026-06-26,REMOVED_NSE_HOLIDAY_PLACEHOLDER,2174.199951171875,2174.199951171875,2174.199951171875,2174.199951171875,0.0
ICICIBANK,2026-01-15,REMOVED_NSE_HOLIDAY_PLACEHOLDER,1418.4000244140625,1418.4000244140625,1418.4000244140625,1418.4000244140625,0.0
ICICIBANK,2026-05-01,REMOVED_NSE_HOLIDAY_PLACEHOLDER,1263.4000244140625,1263.4000244140625,1263.4000244140625,1263.4000244140625,0.0
ICICIBANK,2026-05-28,REMOVED_NSE_HOLIDAY_PLACEHOLDER,1272.699951171875,1272.699951171875,1272.699951171875,1272.699951171875,0.0
ICICIBANK,2026-06-26,REMOVED_NSE_HOLIDAY_PLACEHOLDER,1387.5,1387.5,1387.5,1387.5,0.0
INDIGO,2026-01-15,REMOVED_NSE_HOLIDAY_PLACEHOLDER,4733.0,4733.0,4733.0,4733.0,0.0
INDIGO,2026-05-28,REMOVED_NSE_HOLIDAY_PLACEHOLDER,4570.0,4570.0,4570.0,4570.0,0.0
INDIGO,2026-06-26,REMOVED_NSE_HOLIDAY_PLACEHOLDER,5450.0,5450.0,5450.0,5450.0,0.0
INDUSINDBK,2026-01-15,REMOVED_NSE_HOLIDAY_PLACEHOLDER,944.5,944.5,944.5,944.5,0.0
INDUSINDBK,2026-05-01,REMOVED_NSE_HOLIDAY_PLACEHOLDER,916.0499877929688,916.0499877929688,916.0499877929688,916.0499877929688,0.0
INDUSINDBK,2026-05-28,REMOVED_NSE_HOLIDAY_PLACEHOLDER,932.2999877929688,932.2999877929688,932.2999877929688,932.2999877929688,0.0
INDUSINDBK,2026-06-26,REMOVED_NSE_HOLIDAY_PLACEHOLDER,918.9500122070312,918.9500122070312,918.9500122070312,918.9500122070312,0.0
INFY,2026-01-15,REMOVED_NSE_HOLIDAY_PLACEHOLDER,1599.800048828125,1599.800048828125,1599.800048828125,1599.800048828125,0.0
INFY,2026-05-01,REMOVED_NSE_HOLIDAY_PLACEHOLDER,1181.800048828125,1181.800048828125,1181.800048828125,1181.800048828125,0.0
INFY,2026-05-28,REMOVED_NSE_HOLIDAY_PLACEHOLDER,1159.9000244140625,1159.9000244140625,1159.9000244140625,1159.9000244140625,0.0
INFY,2026-06-26,REMOVED_NSE_HOLIDAY_PLACEHOLDER,1041.199951171875,1041.199951171875,1041.199951171875,1041.199951171875,0.0
IOC,2026-01-15,REMOVED_NSE_HOLIDAY_PLACEHOLDER,159.16000366210938,159.16000366210938,159.16000366210938,159.16000366210938,0.0
IOC,2026-05-01,REMOVED_NSE_HOLIDAY_PLACEHOLDER,142.25,142.25,142.25,142.25,0.0
IOC,2026-05-28,REMOVED_NSE_HOLIDAY_PLACEHOLDER,143.94000244140625,143.94000244140625,143.94000244140625,143.94000244140625,0.0
IOC,2026-06-26,REMOVED_NSE_HOLIDAY_PLACEHOLDER,143.88999938964844,143.88999938964844,143.88999938964844,143.88999938964844,0.0
ITC,2026-01-15,REMOVED_NSE_HOLIDAY_PLACEHOLDER,334.75,334.75,334.75,334.75,0.0
ITC,2026-05-01,REMOVED_NSE_HOLIDAY_PLACEHOLDER,314.8999938964844,314.8999938964844,314.8999938964844,314.8999938964844,0.0
ITC,2026-05-28,REMOVED_NSE_HOLIDAY_PLACEHOLDER,291.95001220703125,291.95001220703125,291.95001220703125,291.95001220703125,0.0
ITC,2026-06-26,REMOVED_NSE_HOLIDAY_PLACEHOLDER,290.0,290.0,290.0,290.0,0.0
JIOFIN,2026-01-15,REMOVED_NSE_HOLIDAY_PLACEHOLDER,287.0,287.0,287.0,287.0,0.0
JIOFIN,2026-05-01,REMOVED_NSE_HOLIDAY_PLACEHOLDER,246.3699951171875,246.3699951171875,246.3699951171875,246.3699951171875,0.0
JIOFIN,2026-05-28,REMOVED_NSE_HOLIDAY_PLACEHOLDER,242.88999938964844,242.88999938964844,242.88999938964844,242.88999938964844,0.0
JIOFIN,2026-06-26,REMOVED_NSE_HOLIDAY_PLACEHOLDER,239.42999267578125,239.42999267578125,239.42999267578125,239.42999267578125,0.0
JSWSTEEL,2026-01-15,REMOVED_NSE_HOLIDAY_PLACEHOLDER,1181.800048828125,1181.800048828125,1181.800048828125,1181.800048828125,0.0
JSWSTEEL,2026-05-01,REMOVED_NSE_HOLIDAY_PLACEHOLDER,1264.5,1264.5,1264.5,1264.5,0.0
JSWSTEEL,2026-05-28,REMOVED_NSE_HOLIDAY_PLACEHOLDER,1309.300048828125,1309.300048828125,1309.300048828125,1309.300048828125,0.0
JSWSTEEL,2026-06-26,REMOVED_NSE_HOLIDAY_PLACEHOLDER,1231.0,1231.0,1231.0,1231.0,0.0
KOTAKBANK,2026-01-15,REMOVED_NSE_HOLIDAY_PLACEHOLDER,421.0,421.0,421.0,421.0,0.0
KOTAKBANK,2026-05-01,REMOVED_NSE_HOLIDAY_PLACEHOLDER,383.2999877929688,383.2999877929688,383.2999877929688,383.2999877929688,0.0
KOTAKBANK,2026-05-28,REMOVED_NSE_HOLIDAY_PLACEHOLDER,388.7000122070313,388.7000122070313,388.7000122070313,388.7000122070313,0.0
KOTAKBANK,2026-06-26,REMOVED_NSE_HOLIDAY_PLACEHOLDER,409.0,409.0,409.0,409.0,0.0
LT,2026-01-15,REMOVED_NSE_HOLIDAY_PLACEHOLDER,3865.800048828125,3865.800048828125,3865.800048828125,3865.800048828125,0.0
LT,2026-05-01,REMOVED_NSE_HOLIDAY_PLACEHOLDER,4014.0,4014.0,4014.0,4014.0,0.0
LT,2026-05-28,REMOVED_NSE_HOLIDAY_PLACEHOLDER,4047.5,4047.5,4047.5,4047.5,0.0
LT,2026-06-26,REMOVED_NSE_HOLIDAY_PLACEHOLDER,4216.39990234375,4216.39990234375,4216.39990234375,4216.39990234375,0.0
M&M,2026-01-15,REMOVED_NSE_HOLIDAY_PLACEHOLDER,3649.5,3649.5,3649.5,3649.5,0.0
M&M,2026-05-01,REMOVED_NSE_HOLIDAY_PLACEHOLDER,3097.5,3097.5,3097.5,3097.5,0.0
M&M,2026-05-28,REMOVED_NSE_HOLIDAY_PLACEHOLDER,3121.60009765625,3121.60009765625,3121.60009765625,3121.60009765625,0.0
M&M,2026-06-26,REMOVED_NSE_HOLIDAY_PLACEHOLDER,3182.199951171875,3182.199951171875,3182.199951171875,3182.199951171875,0.0
MARUTI,2026-01-15,REMOVED_NSE_HOLIDAY_PLACEHOLDER,16152.0,16152.0,16152.0,16152.0,0.0
MARUTI,2026-05-01,REMOVED_NSE_HOLIDAY_PLACEHOLDER,13314.0,13314.0,13314.0,13314.0,0.0
MARUTI,2026-05-28,REMOVED_NSE_HOLIDAY_PLACEHOLDER,13364.0,13364.0,13364.0,13364.0,0.0
MARUTI,2026-06-26,REMOVED_NSE_HOLIDAY_PLACEHOLDER,13745.0,13745.0,13745.0,13745.0,0.0
MAXHEALTH,2026-01-15,REMOVED_NSE_HOLIDAY_PLACEHOLDER,1033.5999755859375,1033.5999755859375,1033.5999755859375,1033.5999755859375,0.0
MAXHEALTH,2026-05-01,REMOVED_NSE_HOLIDAY_PLACEHOLDER,993.0499877929688,993.0499877929688,993.0499877929688,993.0499877929688,0.0
MAXHEALTH,2026-05-28,REMOVED_NSE_HOLIDAY_PLACEHOLDER,993.4500122070312,993.4500122070312,993.4500122070312,993.4500122070312,0.0
MAXHEALTH,2026-06-26,REMOVED_NSE_HOLIDAY_PLACEHOLDER,1123.3499755859375,1123.3499755859375,1123.3499755859375,1123.3499755859375,0.0
NESTLEIND,2026-01-15,REMOVED_NSE_HOLIDAY_PLACEHOLDER,1307.0999755859375,1307.0999755859375,1307.0999755859375,1307.0999755859375,0.0
NESTLEIND,2026-05-01,REMOVED_NSE_HOLIDAY_PLACEHOLDER,1458.5999755859375,1458.5999755859375,1458.5999755859375,1458.5999755859375,0.0
NESTLEIND,2026-05-28,REMOVED_NSE_HOLIDAY_PLACEHOLDER,1427.5,1427.5,1427.5,1427.5,0.0
NESTLEIND,2026-06-26,REMOVED_NSE_HOLIDAY_PLACEHOLDER,1402.5999755859375,1402.5999755859375,1402.5999755859375,1402.5999755859375,0.0
NTPC,2026-01-15,REMOVED_NSE_HOLIDAY_PLACEHOLDER,349.1000061035156,349.1000061035156,349.1000061035156,349.1000061035156,0.0
NTPC,2026-05-01,REMOVED_NSE_HOLIDAY_PLACEHOLDER,399.1499938964844,399.1499938964844,399.1499938964844,399.1499938964844,0.0
NTPC,2026-05-28,REMOVED_NSE_HOLIDAY_PLACEHOLDER,398.1499938964844,398.1499938964844,398.1499938964844,398.1499938964844,0.0
NTPC,2026-06-26,REMOVED_NSE_HOLIDAY_PLACEHOLDER,352.04998779296875,352.04998779296875,352.04998779296875,352.04998779296875,0.0
ONGC,2026-01-15,REMOVED_NSE_HOLIDAY_PLACEHOLDER,248.22999572753903,248.22999572753903,248.22999572753903,248.22999572753903,0.0
ONGC,2026-05-01,REMOVED_NSE_HOLIDAY_PLACEHOLDER,299.54998779296875,299.54998779296875,299.54998779296875,299.54998779296875,0.0
ONGC,2026-05-28,REMOVED_NSE_HOLIDAY_PLACEHOLDER,274.04998779296875,274.04998779296875,274.04998779296875,274.04998779296875,0.0
ONGC,2026-06-26,REMOVED_NSE_HOLIDAY_PLACEHOLDER,233.1000061035156,233.1000061035156,233.1000061035156,233.1000061035156,0.0
POWERGRID,2026-01-15,REMOVED_NSE_HOLIDAY_PLACEHOLDER,258.3500061035156,258.3500061035156,258.3500061035156,258.3500061035156,0.0
POWERGRID,2026-05-01,REMOVED_NSE_HOLIDAY_PLACEHOLDER,318.3500061035156,318.3500061035156,318.3500061035156,318.3500061035156,0.0
POWERGRID,2026-05-28,REMOVED_NSE_HOLIDAY_PLACEHOLDER,300.1499938964844,300.1499938964844,300.1499938964844,300.1499938964844,0.0
POWERGRID,2026-06-26,REMOVED_NSE_HOLIDAY_PLACEHOLDER,283.8999938964844,283.8999938964844,283.8999938964844,283.8999938964844,0.0
RELIANCE,2026-01-15,REMOVED_NSE_HOLIDAY_PLACEHOLDER,1458.800048828125,1458.800048828125,1458.800048828125,1458.800048828125,0.0
RELIANCE,2026-05-01,REMOVED_NSE_HOLIDAY_PLACEHOLDER,1430.800048828125,1430.800048828125,1430.800048828125,1430.800048828125,0.0
RELIANCE,2026-05-28,REMOVED_NSE_HOLIDAY_PLACEHOLDER,1350.5,1350.5,1350.5,1350.5,0.0
RELIANCE,2026-06-26,REMOVED_NSE_HOLIDAY_PLACEHOLDER,1318.0999755859375,1318.0999755859375,1318.0999755859375,1318.0999755859375,0.0
SBILIFE,2026-01-15,REMOVED_NSE_HOLIDAY_PLACEHOLDER,2068.800048828125,2068.800048828125,2068.800048828125,2068.800048828125,0.0
SBILIFE,2026-05-01,REMOVED_NSE_HOLIDAY_PLACEHOLDER,1819.0,1819.0,1819.0,1819.0,0.0
SBILIFE,2026-05-28,REMOVED_NSE_HOLIDAY_PLACEHOLDER,1864.5,1864.5,1864.5,1864.5,0.0
SBILIFE,2026-06-26,REMOVED_NSE_HOLIDAY_PLACEHOLDER,1744.9000244140625,1744.9000244140625,1744.9000244140625,1744.9000244140625,0.0
SBIN,2026-01-15,REMOVED_NSE_HOLIDAY_PLACEHOLDER,1028.3499755859375,1028.3499755859375,1028.3499755859375,1028.3499755859375,0.0
SBIN,2026-05-01,REMOVED_NSE_HOLIDAY_PLACEHOLDER,1068.449951171875,1068.449951171875,1068.449951171875,1068.449951171875,0.0
SBIN,2026-05-28,REMOVED_NSE_HOLIDAY_PLACEHOLDER,967.7999877929688,967.7999877929688,967.7999877929688,967.7999877929688,0.0
SBIN,2026-06-26,REMOVED_NSE_HOLIDAY_PLACEHOLDER,1045.4000244140625,1045.4000244140625,1045.4000244140625,1045.4000244140625,0.0
SHREECEM,2026-01-15,REMOVED_NSE_HOLIDAY_PLACEHOLDER,27550.0,27550.0,27550.0,27550.0,0.0
SHREECEM,2026-05-01,REMOVED_NSE_HOLIDAY_PLACEHOLDER,24195.0,24195.0,24195.0,24195.0,0.0
SHREECEM,2026-05-28,REMOVED_NSE_HOLIDAY_PLACEHOLDER,25400.0,25400.0,25400.0,25400.0,0.0
SHREECEM,2026-06-26,REMOVED_NSE_HOLIDAY_PLACEHOLDER,25735.0,25735.0,25735.0,25735.0,0.0
SHRIRAMFIN,2026-01-15,REMOVED_NSE_HOLIDAY_PLACEHOLDER,981.0999755859376,981.0999755859376,981.0999755859376,981.0999755859376,0.0
SHRIRAMFIN,2026-05-01,REMOVED_NSE_HOLIDAY_PLACEHOLDER,937.3499755859376,937.3499755859376,937.3499755859376,937.3499755859376,0.0
SHRIRAMFIN,2026-05-28,REMOVED_NSE_HOLIDAY_PLACEHOLDER,963.2000122070312,963.2000122070312,963.2000122070312,963.2000122070312,0.0
SHRIRAMFIN,2026-06-26,REMOVED_NSE_HOLIDAY_PLACEHOLDER,1031.800048828125,1031.800048828125,1031.800048828125,1031.800048828125,0.0
SUNPHARMA,2026-01-15,REMOVED_NSE_HOLIDAY_PLACEHOLDER,1700.699951171875,1700.699951171875,1700.699951171875,1700.699951171875,0.0
SUNPHARMA,2026-05-01,REMOVED_NSE_HOLIDAY_PLACEHOLDER,1808.300048828125,1808.300048828125,1808.300048828125,1808.300048828125,0.0
SUNPHARMA,2026-05-28,REMOVED_NSE_HOLIDAY_PLACEHOLDER,1844.300048828125,1844.300048828125,1844.300048828125,1844.300048828125,0.0
SUNPHARMA,2026-06-26,REMOVED_NSE_HOLIDAY_PLACEHOLDER,1862.800048828125,1862.800048828125,1862.800048828125,1862.800048828125,0.0
TATACONSUM,2026-01-15,REMOVED_NSE_HOLIDAY_PLACEHOLDER,1171.4000244140625,1171.4000244140625,1171.4000244140625,1171.4000244140625,0.0
TATACONSUM,2026-05-01,REMOVED_NSE_HOLIDAY_PLACEHOLDER,1144.5999755859375,1144.5999755859375,1144.5999755859375,1144.5999755859375,0.0
TATACONSUM,2026-05-28,REMOVED_NSE_HOLIDAY_PLACEHOLDER,1204.5999755859375,1204.5999755859375,1204.5999755859375,1204.5999755859375,0.0
TATACONSUM,2026-06-26,REMOVED_NSE_HOLIDAY_PLACEHOLDER,1131.300048828125,1131.300048828125,1131.300048828125,1131.300048828125,0.0
TATASTEEL,2026-01-15,REMOVED_NSE_HOLIDAY_PLACEHOLDER,189.25,189.25,189.25,189.25,0.0
TATASTEEL,2026-05-01,REMOVED_NSE_HOLIDAY_PLACEHOLDER,211.3600006103516,211.3600006103516,211.3600006103516,211.3600006103516,0.0
TATASTEEL,2026-05-28,REMOVED_NSE_HOLIDAY_PLACEHOLDER,214.6999969482422,214.6999969482422,214.6999969482422,214.6999969482422,0.0
TATASTEEL,2026-06-26,REMOVED_NSE_HOLIDAY_PLACEHOLDER,188.7100067138672,188.7100067138672,188.7100067138672,188.7100067138672,0.0
TCS,2026-01-15,REMOVED_NSE_HOLIDAY_PLACEHOLDER,3192.5,3192.5,3192.5,3192.5,0.0
TCS,2026-05-01,REMOVED_NSE_HOLIDAY_PLACEHOLDER,2473.89990234375,2473.89990234375,2473.89990234375,2473.89990234375,0.0
TCS,2026-05-28,REMOVED_NSE_HOLIDAY_PLACEHOLDER,2284.199951171875,2284.199951171875,2284.199951171875,2284.199951171875,0.0
TCS,2026-06-26,REMOVED_NSE_HOLIDAY_PLACEHOLDER,2094.699951171875,2094.699951171875,2094.699951171875,2094.699951171875,0.0
TECHM,2026-01-15,REMOVED_NSE_HOLIDAY_PLACEHOLDER,1588.5,1588.5,1588.5,1588.5,0.0
TECHM,2026-05-01,REMOVED_NSE_HOLIDAY_PLACEHOLDER,1473.5,1473.5,1473.5,1473.5,0.0
TECHM,2026-05-28,REMOVED_NSE_HOLIDAY_PLACEHOLDER,1455.5999755859375,1455.5999755859375,1455.5999755859375,1455.5999755859375,0.0
TECHM,2026-06-26,REMOVED_NSE_HOLIDAY_PLACEHOLDER,1437.0999755859375,1437.0999755859375,1437.0999755859375,1437.0999755859375,0.0
TITAN,2026-01-15,REMOVED_NSE_HOLIDAY_PLACEHOLDER,4221.5,4221.5,4221.5,4221.5,0.0
TITAN,2026-05-01,REMOVED_NSE_HOLIDAY_PLACEHOLDER,4385.2001953125,4385.2001953125,4385.2001953125,4385.2001953125,0.0
TITAN,2026-05-28,REMOVED_NSE_HOLIDAY_PLACEHOLDER,4137.89990234375,4137.89990234375,4137.89990234375,4137.89990234375,0.0
TITAN,2026-06-26,REMOVED_NSE_HOLIDAY_PLACEHOLDER,4291.2998046875,4291.2998046875,4291.2998046875,4291.2998046875,0.0
TMPV,2026-01-15,REMOVED_NSE_HOLIDAY_PLACEHOLDER,349.79998779296875,349.79998779296875,349.79998779296875,349.79998779296875,0.0
TMPV,2026-05-01,REMOVED_NSE_HOLIDAY_PLACEHOLDER,341.54998779296875,341.54998779296875,341.54998779296875,341.54998779296875,0.0
TMPV,2026-05-28,REMOVED_NSE_HOLIDAY_PLACEHOLDER,400.9500122070313,400.9500122070313,400.9500122070313,400.9500122070313,0.0
TMPV,2026-06-26,REMOVED_NSE_HOLIDAY_PLACEHOLDER,353.20001220703125,353.20001220703125,353.20001220703125,353.20001220703125,0.0
TRENT,2026-01-15,REMOVED_NSE_HOLIDAY_PLACEHOLDER,2621.466552734375,2621.466552734375,2621.466552734375,2621.466552734375,0.0
TRENT,2026-05-01,REMOVED_NSE_HOLIDAY_PLACEHOLDER,2763.066650390625,2763.066650390625,2763.066650390625,2763.066650390625,0.0
TRENT,2026-05-28,REMOVED_NSE_HOLIDAY_PLACEHOLDER,2832.39990234375,2832.39990234375,2832.39990234375,2832.39990234375,0.0
TRENT,2026-06-26,REMOVED_NSE_HOLIDAY_PLACEHOLDER,3216.199951171875,3216.199951171875,3216.199951171875,3216.199951171875,0.0
ULTRACEMCO,2026-01-15,REMOVED_NSE_HOLIDAY_PLACEHOLDER,12255.0,12255.0,12255.0,12255.0,0.0
ULTRACEMCO,2026-05-01,REMOVED_NSE_HOLIDAY_PLACEHOLDER,11586.0,11586.0,11586.0,11586.0,0.0
ULTRACEMCO,2026-05-28,REMOVED_NSE_HOLIDAY_PLACEHOLDER,11689.0,11689.0,11689.0,11689.0,0.0
ULTRACEMCO,2026-06-26,REMOVED_NSE_HOLIDAY_PLACEHOLDER,11489.0,11489.0,11489.0,11489.0,0.0
UPL,2026-01-15,REMOVED_NSE_HOLIDAY_PLACEHOLDER,780.4000244140625,780.4000244140625,780.4000244140625,780.4000244140625,0.0
UPL,2026-05-01,REMOVED_NSE_HOLIDAY_PLACEHOLDER,641.8499755859375,641.8499755859375,641.8499755859375,641.8499755859375,0.0
UPL,2026-05-28,REMOVED_NSE_HOLIDAY_PLACEHOLDER,656.1500244140625,656.1500244140625,656.1500244140625,656.1500244140625,0.0
UPL,2026-06-26,REMOVED_NSE_HOLIDAY_PLACEHOLDER,590.5,590.5,590.5,590.5,0.0
WIPRO,2026-01-15,REMOVED_NSE_HOLIDAY_PLACEHOLDER,260.20001220703125,260.20001220703125,260.20001220703125,260.20001220703125,0.0
WIPRO,2026-05-01,REMOVED_NSE_HOLIDAY_PLACEHOLDER,200.6499938964844,200.6499938964844,200.6499938964844,200.6499938964844,0.0
WIPRO,2026-05-28,REMOVED_NSE_HOLIDAY_PLACEHOLDER,201.5800018310547,201.5800018310547,201.5800018310547,201.5800018310547,0.0
WIPRO,2026-06-26,REMOVED_NSE_HOLIDAY_PLACEHOLDER,175.0,175.0,175.0,175.0,0.0
ZOMATO,2026-01-15,REMOVED_NSE_HOLIDAY_PLACEHOLDER,299.25,299.25,299.25,299.25,0.0
ZOMATO,2026-05-01,REMOVED_NSE_HOLIDAY_PLACEHOLDER,247.02999877929688,247.02999877929688,247.02999877929688,247.02999877929688,0.0
ZOMATO,2026-05-28,REMOVED_NSE_HOLIDAY_PLACEHOLDER,256.510009765625,256.510009765625,256.510009765625,256.510009765625,0.0
ZOMATO,2026-06-26,REMOVED_NSE_HOLIDAY_PLACEHOLDER,255.1499938964844,255.1499938964844,255.1499938964844,255.1499938964844,0.0
